experiment,scene,condition,target,nominal_distance_mm,yaw_deg,repeat_index,source_summary,num_frames,roi_width,roi_height,roi_pixels,zero_ratio,max_uint16_ratio,max_uint16_affected_frames,max_uint16_max_pixels_per_frame,temporal_median_std_mm,temporal_mean_std_mm,temporal_p95_std_mm,measured_median_mm,measured_mean_mm,measured_std_mm,measured_p05_mm,measured_p95_mm,measured_offset_from_nominal_mm,plane_successful_frames,plane_failed_frames,plane_success_ratio,plane_distance_median_mm,plane_distance_offset_from_nominal_mm,plane_distance_temporal_std_mm,tilt_median_deg,tilt_temporal_std_deg,tilt_error_from_nominal_deg,plane_rmse_median_mm,plane_rmse_p95_mm,plane_p95_abs_median_mm,plane_inlier_ratio_median
scene01_white_d050_r01,scene01,scene01_white_d050,white,500,,1,results/scene01_white_d050_r01/baseline/summary.yaml,892,250,170,42500,0.0,0.0,0,0,0.43806834298474506,0.415834743763744,0.607483948353117,512.0,512.0,0.0,512.0,512.0,12.0,892,0,1.0,514.8384978753122,14.838497875312214,0.03462156029385084,2.4332283093217812,0.018841420768776443,,1.2499499680184676,1.2734106416176028,2.429778998321967,0.9999529411764706
scene01_white_d050_r02,scene01,scene01_white_d050,white,500,,2,results/scene01_white_d050_r02/baseline/summary.yaml,448,250,170,42500,0.0,0.0,0,0,0.4428427351131889,0.4196069716356102,0.6139626650013852,512.0,511.77901785714283,0.41490846628552674,511.0,512.0,12.0,448,0,1.0,514.7583705345364,14.758370534536425,0.03135198729117127,2.460253998109421,0.02114746321436203,,1.2602711641514648,1.2881696279202206,2.4431619457244667,1.0
scene01_white_d050_r03,scene01,scene01_white_d050,white,500,,3,results/scene01_white_d050_r03/baseline/summary.yaml,862,250,170,42500,0.0,0.0,0,0,0.4391759582150958,0.4171387016607249,0.6132424424451057,512.0,511.6827146171694,0.46510788584025653,511.0,512.0,12.0,862,0,1.0,514.7591555409692,14.759155540969232,0.03218689312234399,2.469966230347916,0.020941321488580293,,1.25858554986916,1.2859734417721067,2.436997761144945,1.0
scene01_white_d100_r01,scene01,scene01_white_d100,white,1000,,1,results/scene01_white_d100_r01/baseline/summary.yaml,890,191,161,30751,0.0,0.0,0,0,1.4679524756047235,1.5425047927791256,2.4587449514306745,982.0,982.476404494382,0.4994429418007946,982.0,983.0,-18.0,890,0,1.0,985.3335628477375,-14.66643715226246,0.1093334056937364,3.0264735598542956,0.0605035643583991,,3.7091308961336633,3.8128408323112004,7.232793981981955,0.8182498130142108
scene01_white_d100_r02,scene01,scene01_white_d100,white,1000,,2,results/scene01_white_d100_r02/baseline/summary.yaml,861,191,161,30751,0.0,0.0,0,0,1.439708987195961,1.5155813608525035,2.4013095152894204,983.0,982.829268292683,0.3762743565985735,982.0,983.0,-17.0,861,0,1.0,985.4686821696608,-14.531317830339162,0.10876721207337878,3.0462700490277586,0.05541961276532871,,3.7003421660017253,3.8121976411694996,7.203519240011669,0.821111508568827
scene01_white_d100_r03,scene01,scene01_white_d100,white,1000,,3,results/scene01_white_d100_r03/baseline/summary.yaml,860,191,161,30751,0.0,0.0,0,0,1.4909837955948886,1.560655119773365,2.4320604862856694,983.0,982.5104651162791,0.4998904693443011,982.0,983.0,-17.0,860,0,1.0,985.4010060061092,-14.598993993890758,0.12189258885505612,3.078481155819941,0.055320154675566335,,3.6481090098993096,3.7674877748775804,7.088758824604774,0.8267698611427271
scene01_white_d150_r01,scene01,scene01_white_d150,white,1500,,1,results/scene01_white_d150_r01/baseline/summary.yaml,892,141,111,15651,0.0,0.0,0,0,2.7834532811934243,2.844365350179641,3.819865786947557,1486.0,1486.0201793721974,0.19987880661125954,1486.0,1486.0,-14.0,892,0,1.0,1490.271227728227,-9.728772271773096,0.2865044547802457,2.0371204623451105,0.10076409023919035,,5.0143020343569855,5.205224960315858,9.920942015214484,0.7048750878538113
scene01_white_d150_r02,scene01,scene01_white_d150,white,1500,,2,results/scene01_white_d150_r02/baseline/summary.yaml,860,141,111,15651,0.0,0.0,0,0,2.7756328062279567,2.831781314773321,3.8001691777772306,1486.0,1486.0953488372093,0.42615287592768697,1486.0,1486.0,-14.0,860,0,1.0,1490.4712370086704,-9.528762991329586,0.30546455509016285,2.0974596547891777,0.09074574501104778,,5.065711226079777,5.250010996942297,10.023758167743813,0.6998913807424446
scene01_white_d150_r03,scene01,scene01_white_d150,white,1500,,3,results/scene01_white_d150_r03/baseline/summary.yaml,861,141,111,15651,0.0,0.0,0,0,2.7640822167631147,2.8169000368554595,3.743411402163332,1486.0,1486.006968641115,0.11785041481036766,1486.0,1486.0,-14.0,861,0,1.0,1490.2446366268084,-9.755363373191585,0.27118482065659405,2.0533376913277293,0.08934587994596703,,5.091584513196548,5.30695876709209,10.090805104339795,0.6950354609929078
scene01_white_d200_r01,scene01,scene01_white_d200,white,2000,,1,results/scene01_white_d200_r01/baseline/summary.yaml,862,107,91,9737,0.0,0.0,0,0,4.747582811917709,4.880426434905297,6.913515371661482,1940.0,1939.9907192575406,0.22573867933095673,1940.0,1940.0,-60.0,862,0,1.0,1942.726565409514,-57.27343459048598,0.5754272388241478,1.9063635375401566,0.2015385484236352,,8.926331884024078,9.424098861913222,17.032949360381444,0.4634384307281504
scene01_white_d200_r02,scene01,scene01_white_d200,white,2000,,2,results/scene01_white_d200_r02/baseline/summary.yaml,891,107,91,9737,0.0,0.0,0,0,4.61627282847655,4.7561943347739755,6.80254195895305,1940.0,1939.969696969697,0.35165444819250924,1940.0,1940.0,-60.0,891,0,1.0,1942.7528063834145,-57.24719361658549,0.49791673580377505,1.9275033134317372,0.18234040922701558,,9.209355836246747,9.68658360488574,17.563089077670877,0.4516791619595358
scene01_white_d200_r03,scene01,scene01_white_d200,white,2000,,3,results/scene01_white_d200_r03/baseline/summary.yaml,892,107,91,9737,0.0,0.0,0,0,4.602794840774389,4.730044257754453,6.712921496591867,1940.0,1940.0044843049327,0.20635112762051191,1940.0,1940.0,-60.0,892,0,1.0,1942.79704582866,-57.202954171340025,0.559497897779558,1.887375601991144,0.19605477776447297,,9.068008169232613,9.60041441603153,17.23312058699311,0.45850878093868747
scene01_white_d300_r01,scene01,scene01_white_d300,white,3000,,1,results/scene01_white_d300_r01/baseline/summary.yaml,892,62,55,3410,0.0,0.0,0,0,11.427271983795725,11.586194523072628,14.990330134081212,2920.0,2918.3867713004483,2.6964442416993113,2914.0,2920.0,-80.0,892,0,1.0,2919.607140763351,-80.3928592366492,2.609977777226554,3.341006289448766,0.9199615618536987,,16.958590319907117,19.11383824400633,33.6729594145329,0.23533724340175954
scene01_white_d300_r02,scene01,scene01_white_d300,white,3000,,2,results/scene01_white_d300_r02/baseline/summary.yaml,891,62,55,3410,0.0,0.0,0,0,11.725390775458713,11.794819774105491,14.895803666193375,2920.0,2918.13468013468,2.8853588346611043,2914.0,2920.0,-80.0,891,0,1.0,2919.8710629692887,-80.12893703071131,2.2011150440273215,3.464195250391406,0.8797295958184598,,16.67029139515321,18.792224823730187,32.682708266547834,0.23607038123167157
scene01_white_d300_r03,scene01,scene01_white_d300,white,3000,,3,results/scene01_white_d300_r03/baseline/summary.yaml,891,62,55,3410,0.0,0.0,0,0,11.510497976538316,11.605676933930498,14.760916332532839,2914.0,2916.5218855218855,3.2514907627019776,2914.0,2920.0,-86.0,891,0,1.0,2918.450345922216,-81.549654077784,2.304679379735424,3.4938818036220143,0.8897825870817211,,17.143773948298723,19.28599901981859,33.3945696424774,0.22727272727272727
scene02_white_d100_r01,scene02,scene02_white_d100,white,1000,0,1,results/scene02_white_d100_r01/baseline/summary.yaml,894,174,134,23316,0.04953809407026428,0.0,0,0,1.610175184611986,2.0451382335955683,4.306297428278729,1000.0,999.8165548098434,0.6380154746378123,999.0,1001.0,0.0,894,0,1.0,1001.338419505351,1.3384195053509984,353.2411957489827,3.477073179993033,32.59919279297134,3.477073179993033,5.913500470018164,89.26147947716325,10.841706685751817,0.7438441183939968
scene02_white_d100_r02,scene02,scene02_white_d100,white,1000,0,2,results/scene02_white_d100_r02/baseline/summary.yaml,883,174,134,23316,0.046870054771637186,0.0,0,0,1.5836779512106454,1.9873616537332612,4.100190176581013,1000.0,999.8029445073613,0.6417984571976033,999.0,1001.0,0.0,883,0,1.0,1001.8239295847043,1.823929584704274,289.9709758215619,3.3286312477254074,27.271357739642617,3.3286312477254074,6.359209766027953,89.20934200673904,10.547309016649386,0.7373163918176083
scene02_white_d100_r03,scene02,scene02_white_d100,white,1000,0,3,results/scene02_white_d100_r03/baseline/summary.yaml,891,174,134,23316,0.050143695008451686,0.0,0,0,1.5889227801715022,2.001180998095744,4.255111773662429,1000.0,999.8473625140292,0.6524075261242956,999.0,1001.0,0.0,891,0,1.0,1001.8466840802622,1.8466840802622073,235.93321619294326,3.3799025010508186,22.09935912165777,3.3799025010508186,5.9723388267448385,89.04464720493768,10.546196067473822,0.7444163125056515
scene02_yaw15_white_d100_r01,scene02,scene02_yaw15_white_d100,white,1000,15,1,results/scene02_yaw15_white_d100_r01/baseline/summary.yaml,893,162,127,20574,0.008181267064150264,0.0,0,0,1.6220216942632721,1.7917559610092744,2.8922222811219105,1049.0,1048.8527435610301,0.415793711067047,1048.0,1049.0,49.0,893,0,1.0,988.5217302803818,-11.478269719618197,0.52800097715506,17.58376067951856,0.07784519860475604,2.5837606795185586,5.531462233526326,6.454264904852238,8.330355225566022,0.781592868338558
scene02_yaw15_white_d100_r02,scene02,scene02_yaw15_white_d100,white,1000,15,2,results/scene02_yaw15_white_d100_r02/baseline/summary.yaml,892,162,127,20574,0.008335327665506684,0.0,0,0,1.589164219839551,1.7306770684895838,2.783114411044202,1049.0,1048.82399103139,0.42202080571659095,1048.0,1049.0,49.0,892,0,1.0,987.9863895123391,-12.013610487660912,0.47054458988636744,17.668387784620037,0.06744921375457172,2.6683877846200375,4.982433187995385,5.934374515471701,8.250594658511098,0.7968163595568181
scene02_yaw15_white_d100_r03,scene02,scene02_yaw15_white_d100,white,1000,15,3,results/scene02_yaw15_white_d100_r03/baseline/summary.yaml,882,162,127,20574,0.0074054896577081305,0.0,0,0,1.592252570722017,1.7425470948571664,2.7481211946106394,1049.0,1048.8741496598639,0.3832233090328041,1048.0,1049.0,49.0,882,0,1.0,987.6555193646288,-12.344480635371156,0.4343894367053977,17.70052464938813,0.06528998269048367,2.7005246493881288,5.094980439931222,5.720411201792844,8.350768779316322,0.7959488220153714
scene02_yaw30_white_d100_r01,scene02,scene02_yaw30_white_d100,white,1000,30,1,results/scene02_yaw30_white_d100_r01/baseline/summary.yaml,892,164,121,19844,0.006117673006400598,0.0,0,0,2.8420097389432173,3.1963734581405774,5.86393060659331,1056.0,1055.8856502242152,1.6294433294090211,1054.0,1059.0,56.0,892,0,1.0,978.0091475519378,-21.990852448062242,1.454493960039994,21.16990845393064,0.15273403517183193,-8.830091546069362,5.707482530626754,6.331346232726969,11.249584016468432,0.6953190577026882
scene02_yaw30_white_d100_r02,scene02,scene02_yaw30_white_d100,white,1000,30,2,results/scene02_yaw30_white_d100_r02/baseline/summary.yaml,883,164,121,19844,0.004406454147560484,0.0,0,0,2.4322359203199033,2.6736068924162457,4.6557590492699825,1055.0,1055.228765571914,0.9907781780220055,1054.0,1057.0,55.0,883,0,1.0,978.1360229667031,-21.86397703329692,1.1179533446668044,21.14628288013893,0.11682974100599047,-8.85371711986107,5.1527599686930055,5.514832188281727,10.010893674707873,0.7107714112168455
scene02_yaw30_white_d100_r03,scene02,scene02_yaw30_white_d100,white,1000,30,3,results/scene02_yaw30_white_d100_r03/baseline/summary.yaml,893,164,121,19844,0.004537915336489117,0.0,0,0,2.0993352528046354,2.338874228040489,4.03318048280749,1055.0,1055.1724524076149,0.6219594161777301,1054.0,1056.0,55.0,893,0,1.0,978.6022869743936,-21.397713025606436,0.8029652847578322,21.102741418018248,0.0891971099854119,-8.897258581981752,4.853160862836313,5.11161815786348,9.341107222519613,0.7328306088364795
scene02_yaw45_white_d100_r01,scene02,scene02_yaw45_white_d100,white,1000,45,1,results/scene02_yaw45_white_d100_r01/baseline/summary.yaml,893,132,112,14784,0.012108289946335858,0.0,0,0,1.9530391245184469,2.052335333335105,3.1191251937691242,1087.0,1086.5856662933932,0.6702747414795162,1086.0,1088.0,87.0,893,0,1.0,935.8738706955124,-64.12612930448756,2.2946374891749404,28.383648673839986,0.1708392748917212,-16.616351326160014,4.142488304325678,4.351269388903305,7.801552649709942,0.8258068937161653
scene02_yaw45_white_d100_r02,scene02,scene02_yaw45_white_d100,white,1000,45,2,results/scene02_yaw45_white_d100_r02/baseline/summary.yaml,883,132,112,14784,0.012064249925235204,0.0,0,0,1.8929119803906327,1.9942121712416132,3.077762902080493,1087.0,1086.6211778029444,0.6473519324486512,1086.0,1088.0,87.0,883,0,1.0,935.7824842294257,-64.21751577057432,1.03173814400823,28.38347151073942,0.08566859354390917,-16.61652848926058,4.116682563123598,4.2824007082213855,7.720562396721915,0.8321237847459948
scene02_yaw45_white_d100_r03,scene02,scene02_yaw45_white_d100,white,1000,45,3,results/scene02_yaw45_white_d100_r03/baseline/summary.yaml,893,132,112,14784,0.011442790365662706,0.0,0,0,1.9826110633485365,2.07968301004935,3.1696601575564896,1087.0,1086.7323628219485,0.713048056006286,1086.0,1088.0,87.0,893,0,1.0,935.8668144501625,-64.13318554983755,0.7877766464044954,28.387130847785766,0.07535341895830185,-16.612869152214234,4.191667579982546,4.394261890886105,7.885559784155449,0.8204777222640476
scene02_yaw60_white_d100_r01,scene02,scene02_yaw60_white_d100,white,1000,60,1,results/scene02_yaw60_white_d100_r01/baseline/summary.yaml,879,83,98,8134,0.026862622181978595,0.0,0,0,2.0296597429106837,2.169086727569691,3.467422721770076,1084.0,1084.146188850967,0.9769614223515026,1083.0,1086.0,84.0,879,0,1.0,604.6336141081177,-395.36638589188226,2.816542559375795,56.672209327403586,0.1983489898151662,-3.3277906725964144,8.214911604172071,11.156310750078868,5.730210326878221,0.9191435768261965
scene02_yaw60_white_d100_r02,scene02,scene02_yaw60_white_d100,white,1000,60,2,results/scene02_yaw60_white_d100_r02/baseline/summary.yaml,893,83,98,8134,0.02753652358823965,0.0,0,0,2.046452276302242,2.1744998898515697,3.4953132906072364,1084.0,1084.2698768197088,1.0016557884489177,1083.0,1086.0,84.0,893,0,1.0,606.5388295959059,-393.4611704040941,2.8782928908426113,56.516394844967344,0.2023042594585783,-3.483605155032656,2.7503213879745934,11.180021385968566,5.255142664454503,0.9391282246791206
scene02_yaw60_white_d100_r03,scene02,scene02_yaw60_white_d100,white,1000,60,3,results/scene02_yaw60_white_d100_r03/baseline/summary.yaml,881,83,98,8134,0.02911993127598536,0.0,0,0,2.0395942995456418,2.1611145210874474,3.4816810686271107,1084.0,1084.5181611804767,0.8924639852342858,1083.0,1086.0,84.0,881,0,1.0,607.0001364644608,-392.99986353553925,1.737484086895301,56.481592149670824,0.12112138669292973,-3.518407850329176,2.917886185284739,10.313589984851259,5.249304502716101,0.9396825396825397
scene03_black_d100_r01,scene03,scene03_black_d100,black,1000,,1,results/scene03_black_d100_r01/baseline/summary.yaml,860,107,203,21721,2.4196924421013638e-05,0.0,0,0,1.711711449332862,2.2022115261610904,4.597158931771007,1006.0,1005.6383720930232,0.482885851177804,1005.0,1006.0,6.0,860,0,1.0,1005.8102422123163,5.810242212316325,0.15683995589682906,4.514422591979608,0.15160675380040828,,4.323021005770264,4.582590993365847,8.531947596322723,0.7623213097660834
scene03_black_d100_r02,scene03,scene03_black_d100,black,1000,,2,results/scene03_black_d100_r02/baseline/summary.yaml,862,107,203,21721,5.661334081626397e-06,0.0,0,0,1.7879491744058869,2.2620161312904012,4.63184595517692,1006.0,1005.7064965197216,0.4604340979690518,1005.0,1006.0,6.0,862,0,1.0,1006.0939275861374,6.093927586137397,0.16228143268150663,4.700088604444379,0.13903129790513394,,4.373812667448352,4.6448814554143745,8.457843697317614,0.7446710556604208
scene03_black_d100_r03,scene03,scene03_black_d100,black,1000,,3,results/scene03_black_d100_r03/baseline/summary.yaml,880,107,203,21721,8.789148331526674e-06,0.0,0,0,1.7824172294152618,2.250178435277911,4.5658845606028855,1006.0,1005.5704545454546,0.49958143637473956,1005.0,1006.0,6.0,880,0,1.0,1005.9497385381395,5.949738538139513,0.16476063518488912,4.669739980663085,0.14382621373011564,,4.352284968736997,4.618768398556127,8.446247032803335,0.7494763015872734
scene03_cbd_d100_r01,scene03,scene03_cbd_d100,cbd,1000,,1,results/scene03_cbd_d100_r01/baseline/summary.yaml,889,91,193,17563,0.0,0.0,0,0,1.2417703938148803,1.3332508767444005,2.14698030761609,1008.0,1007.9910011248594,0.0944346090520376,1008.0,1008.0,8.0,889,0,1.0,1007.9702422595109,7.970242259510883,0.1253087132839622,3.583420592556925,0.05654537128413862,,5.1515743711200805,5.26077851790018,10.24004996644314,0.6827990662187553
scene03_cbd_d100_r02,scene03,scene03_cbd_d100,cbd,1000,,2,results/scene03_cbd_d100_r02/baseline/summary.yaml,890,91,193,17563,0.0,0.0,0,0,1.2026860551506113,1.2860833766727329,2.047325199089162,1008.0,1007.9865168539326,0.11533148243016933,1008.0,1008.0,8.0,890,0,1.0,1007.9334020377842,7.9334020377841625,0.09941611385341388,3.696717400670674,0.07377630558276484,,5.047967047535043,5.205237793983886,10.048917948491216,0.686300745886238
scene03_cbd_d100_r03,scene03,scene03_cbd_d100,cbd,1000,,3,results/scene03_cbd_d100_r03/baseline/summary.yaml,891,91,193,17563,0.0,0.0,0,0,1.235961863922944,1.3137477319611934,2.047269335047588,1008.0,1007.9854096520763,0.11990608688113871,1008.0,1008.0,8.0,891,0,1.0,1007.969895330612,7.969895330611962,0.12193639345306953,3.7981729543964775,0.06389619888650287,,5.0786681781346825,5.2038965460369795,10.109931140245815,0.6834823207880203
scene03_reflection_d100_r01,scene03,scene03_reflection_d100,reflection,1000,,1,results/scene03_reflection_d100_r01/baseline/summary.yaml,892,216,173,37368,0.0,0.0,0,0,1.5285123049173135,1.7924942387197942,4.143001753207316,1053.0,1053.0280269058296,0.17170774835627853,1053.0,1053.0,53.0,892,0,1.0,1047.50196264877,47.501962648769904,0.13861673890469003,7.276672770303996,0.07681038959643857,,5.389906935794371,5.574418749298111,10.413701347533674,0.6348078569899379
scene03_reflection_d100_r02,scene03,scene03_reflection_d100,reflection,1000,,2,results/scene03_reflection_d100_r02/baseline/summary.yaml,860,216,173,37368,3.858543312771031e-06,0.0,0,0,1.5297560115597517,1.79803333845295,4.147975984861416,1053.0,1053.0151162790698,0.12201547925100466,1053.0,1053.0,53.0,860,0,1.0,1047.4888561958692,47.488856195869175,0.13954947282064414,7.27997667460183,0.07443203417234558,,5.39053210281403,5.585098973384252,10.44008530525186,0.6347141939627489
scene03_reflection_d100_r03,scene03,scene03_reflection_d100,reflection,1000,,3,results/scene03_reflection_d100_r03/baseline/summary.yaml,892,216,173,37368,1.0200329674655086e-06,0.0,0,0,1.515349869062177,1.7850591185294953,4.143052480978103,1053.0,1053.0078475336322,0.08823802948942777,1053.0,1053.0,53.0,892,0,1.0,1047.4500009231322,47.450000923132166,0.14446935918844778,7.2845665548371645,0.07408980977953197,,5.389282841550364,5.578221188005402,10.448318978623035,0.635945193748662
scene03_transparent_d100_r01,scene03,scene03_transparent_d100,transparent,1000,,1,results/scene03_transparent_d100_r01/baseline/summary.yaml,891,132,102,13464,0.09048538131029714,0.0,0,0,2.473966286941091,5.785739860946571,10.862094158473232,1005.0,1004.5948372615039,0.48977909242307166,1004.0,1005.0,5.0,891,0,1.0,462.1102599998882,-537.8897400001117,10.060632607628348,70.07416946380631,0.5936871050339153,,59.45745219453649,60.14629779303941,111.08651481010673,0.0621306631648063
scene03_transparent_d100_r02,scene03,scene03_transparent_d100,transparent,1000,,2,results/scene03_transparent_d100_r02/baseline/summary.yaml,881,132,102,13464,0.08929432537297931,0.0,0,0,2.3272218185255378,4.999702110006584,9.666866560691085,1005.0,1004.5641316685585,0.4975839022291636,1004.0,1005.0,5.0,881,0,1.0,461.4424771592628,-538.5575228407372,9.017412145169136,70.09339401611307,0.5187111173513915,,59.91524686514349,60.56343232988724,111.40806144657567,0.061715223635617565
scene03_transparent_d100_r03,scene03,scene03_transparent_d100,transparent,1000,,3,results/scene03_transparent_d100_r03/baseline/summary.yaml,618,132,102,13464,0.09379020069339887,0.0,0,0,2.29951669172302,5.158437158369711,8.60702939125868,1005.0,1004.5436893203884,0.4972747548341168,1004.0,1005.0,5.0,618,0,1.0,458.9651885046421,-541.0348114953579,12.421321728499954,70.25591740698557,0.7193957262743826,,59.81822301935865,60.528277000045634,111.82726022466615,0.061143057033919763
