frame_index,timestamp_ns,foreground_reference_mm,background_reference_mm,measured_gap_mm,foreground_bleeding_ratio,foreground_bleeding_max_distance_px,background_bleeding_ratio,background_bleeding_max_distance_px,mixed_ratio,peak_mixed_ratio,peak_mixed_distance_px,outlier_ratio,invalid_ratio,invalid_band_width_px,transition_width_px,nominal_edge_offset_px,analysis_status,transition_status
0,1785284689280818639,1948.0,2272.0,324.0,0.0,,0.028645833333333332,,0.1025,0.53125,0.0,0.0,0.0,0.0,4.135109717868339,-1.5344827586206895,ok,ok
1,1785284689313311698,1945.0,2276.0,331.0,0.0,,0.015625,,0.21291666666666667,0.7135416666666666,0.0,0.0,0.0,0.0,9.95609756097561,-2.5098039215686274,ok,ok
2,1785284689353361462,1945.0,2276.0,331.0,0.0,,0.011284722222222222,,0.20541666666666666,0.7395833333333334,0.0,0.0,0.0,0.0,7.765725047080982,-1.4915254237288136,ok,ok
3,1785284689379069434,1948.0,2272.0,324.0,0.0,,0.028645833333333332,,0.13666666666666666,0.5416666666666666,0.0,0.0,0.0,0.0,6.352727272727273,-1.878787878787879,ok,ok
4,1785284689412044731,1945.0,2276.0,331.0,0.0,,0.016493055555555556,,0.18833333333333332,0.6770833333333334,0.0,0.0,0.0,0.0,6.531322094055014,-1.7142857142857144,ok,ok
5,1785284689447645523,1945.0,2276.0,331.0,0.0,,0.014756944444444444,,0.24041666666666667,0.7291666666666666,0.0,0.0,0.0,0.0,,,ok,missing_crossing
6,1785284689476503222,1945.0,2276.0,331.0,0.0,,0.022569444444444444,,0.18583333333333332,0.625,0.0,0.0,0.0,0.0,,,ok,missing_crossing
7,1785284689501747439,1948.0,2276.0,328.0,0.0,,0.006944444444444444,,0.25125,0.796875,0.0,0.0,0.0,0.0,10.214117647058826,-3.130434782608696,ok,ok
8,1785284689543601524,1945.0,2279.0,334.0,0.0,,0.024305555555555556,,0.14125,0.5572916666666666,0.0,0.0,0.0,0.0,6.789166666666667,-1.7708333333333335,ok,ok
9,1785284689576691313,1945.0,2276.0,331.0,0.0,,0.019965277777777776,,0.14291666666666666,0.6666666666666666,0.0,0.0,0.0,0.0,6.123636363636364,-1.6727272727272728,ok,ok
10,1785284689600713181,1951.0,2272.0,321.0,0.0,,0.034722222222222224,,0.11125,0.5,0.0,0.0,0.0,0.0,5.191341991341993,-1.487603305785124,ok,ok
11,1785284689636860414,1948.0,2272.0,324.0,0.0,,0.026909722222222224,,0.13041666666666665,0.5572916666666666,0.0,0.0,0.0,0.0,4.784074074074074,-1.3037037037037038,ok,ok
12,1785284689679386090,1945.0,2276.0,331.0,0.0,,0.0234375,,0.13958333333333334,0.6041666666666666,0.0,0.0,0.0,0.0,7.334603174603174,-1.4444444444444446,ok,ok
13,1785284689711762935,1948.0,2276.0,328.0,0.0,,0.021701388888888888,,0.12416666666666666,0.6197916666666666,0.0,0.0,0.0,0.0,3.4753488372093027,-1.3953488372093024,ok,ok
14,1785284689746391078,1945.0,2272.0,327.0,0.0,,0.024305555555555556,,0.14875,0.6197916666666666,0.0,0.0,0.0,0.0,5.945171339563862,-1.7570093457943925,ok,ok
15,1785284689777662690,1945.0,2272.0,327.0,0.0,,0.026909722222222224,,0.16458333333333333,0.5677083333333334,0.0,0.0,0.0,0.0,,,ok,missing_crossing
16,1785284689811004662,1945.0,2276.0,331.0,0.0,,0.009548611111111112,,0.17583333333333334,0.796875,0.0,0.0004166666666666667,0.0,0.0,6.221798165137615,-1.6513761467889907,ok,ok
17,1785284689844562533,1948.0,2276.0,328.0,0.0,,0.0234375,,0.14125,0.625,0.0,0.0,0.0,0.0,5.113333333333334,-1.6140350877192982,ok,ok
18,1785284689870294478,1948.0,2272.0,324.0,0.0008012820512820513,,0.029513888888888888,,0.18041666666666667,0.5572916666666666,-2.0,0.0,0.0,0.0,,,ok,missing_crossing
19,1785284689910405749,1945.0,2276.0,331.0,0.0008012820512820513,,0.018229166666666668,,0.2375,0.6927083333333334,0.0,0.0004166666666666667,0.0,0.0,,,ok,missing_crossing
20,1785284689946765015,1948.0,2276.0,328.0,0.0,,0.017361111111111112,,0.17125,0.7083333333333334,0.0,0.0,0.0,0.0,5.484403669724771,-1.724770642201835,ok,ok
21,1785284689978242790,1948.0,2276.0,328.0,0.0,,0.020833333333333332,,0.16666666666666666,0.6302083333333334,0.0,0.0,0.0,0.0,9.14769230769231,-1.7692307692307692,ok,ok
22,1785284690009695802,1948.0,2272.0,324.0,0.0,,0.0234375,,0.12541666666666668,0.59375,0.0,0.0,0.0,0.0,3.7494218200100558,-1.5555555555555558,ok,ok
23,1785284690044100518,1948.0,2276.0,328.0,0.0,,0.021701388888888888,,0.17541666666666667,0.625,0.0,0.0004166666666666667,0.0,0.0,7.4,-2.5172413793103448,ok,ok
24,1785284690078453523,1945.0,2276.0,331.0,0.0,,0.019965277777777776,,0.19041666666666668,0.65625,0.0,0.0,0.0,0.0,10.98857142857143,-1.9387755102040816,ok,ok
25,1785284690111402229,1945.0,2276.0,331.0,0.0,,0.021701388888888888,,0.1825,0.6666666666666666,0.0,0.0,0.0,0.0,6.5216099071207445,-2.375,ok,ok
26,1785284690136190108,1948.0,2272.0,324.0,0.0,,0.021701388888888888,,0.11916666666666667,0.6145833333333334,0.0,0.0,0.0,0.0,3.760317460317461,-1.3834586466165413,ok,ok
27,1785284690169708265,1948.0,2276.0,328.0,0.0,,0.020833333333333332,,0.15666666666666668,0.6510416666666666,0.0,0.0,0.0,0.0,4.765714285714287,-1.6,ok,ok
28,1785284690211229172,1945.0,2276.0,331.0,0.0,,0.017361111111111112,,0.14625,0.6510416666666666,0.0,0.0,0.0,0.0,4.587826086956524,-1.5478260869565217,ok,ok
29,1785284690236705601,1948.0,2276.0,328.0,0.0,,0.024305555555555556,,0.11,0.59375,0.0,0.0,0.0,0.0,3.4635895615125154,-1.3740458015267176,ok,ok
30,1785284690281250955,1948.0,2276.0,328.0,0.0,,0.015625,,0.19041666666666668,0.71875,0.0,0.0,0.0,0.0,7.124271844660197,-1.766990291262136,ok,ok
31,1785284690311262527,1948.0,2276.0,328.0,0.0,,0.0234375,,0.10833333333333334,0.5833333333333334,0.0,0.0,0.0,0.0,3.2333333333333334,-1.2816901408450705,ok,ok
32,1785284690344715540,1948.0,2272.0,324.0,0.0,,0.020833333333333332,,0.11416666666666667,0.625,0.0,0.0,0.0,0.0,3.671538461538461,-1.4,ok,ok
33,1785284690378105542,1945.0,2276.0,331.0,0.0,,0.020833333333333332,,0.1525,0.609375,0.0,0.0,0.0,0.0,7.417821782178219,-1.702970297029703,ok,ok
34,1785284690410736168,1945.0,2276.0,331.0,0.0,,0.020833333333333332,,0.18125,0.6614583333333334,0.0,0.0,0.0,0.0,,,ok,missing_crossing
35,1785284690444484230,1945.0,2276.0,331.0,0.0,,0.012152777777777778,,0.16416666666666666,0.75,0.0,0.0,0.0,0.0,5.640659340659343,-1.8076923076923075,ok,ok
36,1785284690477965532,1948.0,2276.0,328.0,0.0,,0.020833333333333332,,0.11625,0.609375,0.0,0.0,0.0,0.0,4.07936507936508,-1.396825396825397,ok,ok
37,1785284690513377178,1948.0,2276.0,328.0,0.0,,0.020833333333333332,,0.09958333333333333,0.6197916666666666,0.0,0.0,0.0,0.0,3.3039743589743598,-1.3692307692307693,ok,ok
38,1785284690544775168,1945.0,2276.0,331.0,0.0,,0.024305555555555556,,0.11666666666666667,0.5729166666666666,0.0,0.0,0.0,0.0,4.863247863247863,-1.5384615384615383,ok,ok
39,1785284690582317951,1945.0,2272.0,327.0,0.0,,0.026909722222222224,,0.175,0.5885416666666666,0.0,0.0,0.0,0.0,10.931241830065362,-2.2916666666666665,ok,ok
40,1785284690612842876,1948.0,2279.0,331.0,0.0,,0.027777777777777776,,0.10458333333333333,0.5572916666666666,0.0,0.0,0.0,0.0,3.698032200357782,-1.3798449612403099,ok,ok
41,1785284690644882233,1945.0,2272.0,327.0,0.0,,0.026909722222222224,,0.11666666666666667,0.5572916666666666,0.0,0.0,0.0,0.0,4.76950998185118,-1.5862068965517242,ok,ok
42,1785284690678929280,1945.0,2276.0,331.0,0.0,,0.024305555555555556,,0.15166666666666667,0.6145833333333334,0.0,0.0,0.0,0.0,8.13793103448276,-1.5862068965517242,ok,ok
43,1785284690712293246,1945.0,2272.0,327.0,0.0,,0.026909722222222224,,0.14833333333333334,0.5572916666666666,0.0,0.0,0.0,0.0,7.412912087912088,-2.0,ok,ok
44,1785284690738257894,1945.0,2268.0,323.0,0.0,,0.030381944444444444,,0.11875,0.5625,0.0,0.00125,0.0,0.0,5.382075471698114,-1.7169811320754718,ok,ok
45,1785284690769752523,1948.0,2272.0,324.0,0.0,,0.013020833333333334,,0.1725,0.7447916666666666,0.0,0.0,0.0,0.0,6.438207547169813,-1.7358490566037736,ok,ok
46,1785284690810793436,1945.0,2272.0,327.0,0.0,,0.009548611111111112,,0.15083333333333335,0.7604166666666666,0.0,0.0,0.0,0.0,3.930967741935484,-1.467741935483871,ok,ok
47,1785284690844221374,1948.0,2268.0,320.0,0.0,,0.0234375,,0.1175,0.5625,0.0,0.0,0.0,0.0,5.547826086956523,-1.5478260869565217,ok,ok
48,1785284690879834936,1945.0,2276.0,331.0,0.0,,0.012152777777777778,,0.14833333333333334,0.7291666666666666,0.0,0.0,0.0,0.0,4.67637848876787,-1.575221238938053,ok,ok
49,1785284690912269618,1945.0,2272.0,327.0,0.0,,0.009548611111111112,,0.15791666666666668,0.75,0.0,0.00125,0.0,0.0,6.226470588235295,-1.3529411764705883,ok,ok
50,1785284690946024672,1948.0,2276.0,328.0,0.0,,0.009548611111111112,,0.16833333333333333,0.7708333333333334,0.0,0.01,0.0,0.0,5.501146788990825,-1.6330275229357798,ok,ok
51,1785284690978021384,1945.0,2272.0,327.0,0.002403846153846154,,0.016493055555555556,,0.14291666666666666,0.6354166666666666,0.0,0.0,0.0,0.0,7.34479889042996,-1.6893203883495145,ok,ok
52,1785284691012577308,1945.0,2272.0,327.0,0.0,,0.026041666666666668,,0.14708333333333334,0.59375,0.0,0.0,0.0,0.0,7.957142857142858,-1.7222222222222223,ok,ok
53,1785284691047522580,1948.0,2272.0,324.0,0.0,,0.022569444444444444,,0.12041666666666667,0.609375,0.0,0.0,0.0,0.0,4.921100917431195,-1.688073394495413,ok,ok
54,1785284691081435567,1948.0,2268.0,320.0,0.0,,0.015625,,0.13041666666666665,0.71875,0.0,0.0,0.0,0.0,4.362797202797203,-1.6181818181818182,ok,ok
55,1785284691111780610,1945.0,2272.0,327.0,0.0,,0.024305555555555556,,0.14541666666666667,0.5989583333333334,0.0,0.0,0.0,0.0,6.762666666666668,-1.84,ok,ok
56,1785284691148121737,1945.0,2272.0,327.0,0.0008012820512820513,,0.017361111111111112,,0.12083333333333333,0.65625,0.0,0.0,0.0,0.0,3.7611594202898555,-1.4666666666666668,ok,ok
57,1785284691181661477,1945.0,2272.0,327.0,0.0,,0.0234375,,0.14,0.609375,0.0,0.0,0.0,0.0,6.698742138364782,-1.7169811320754718,ok,ok
58,1785284691212905532,1945.0,2272.0,327.0,0.0,,0.018229166666666668,,0.24291666666666667,0.671875,0.0,0.0,0.0,0.0,,,ok,missing_crossing
59,1785284691247192937,1948.0,2276.0,328.0,0.0,,0.014756944444444444,,0.17583333333333334,0.7083333333333334,0.0,0.0008333333333333334,0.0,0.0,5.654290429042904,-1.683168316831683,ok,ok
60,1785284691279988159,1945.0,2276.0,331.0,0.0,,0.015625,,0.16708333333333333,0.7083333333333334,0.0,0.0,0.0,0.0,6.265454545454547,-1.690909090909091,ok,ok
61,1785284691312148033,1945.0,2276.0,331.0,0.0,,0.019097222222222224,,0.14666666666666667,0.6770833333333334,0.0,0.0,0.0,0.0,4.463333333333335,-1.5166666666666668,ok,ok
62,1785284691346233203,1948.0,2272.0,324.0,0.0,,0.026041666666666668,,0.10083333333333333,0.5833333333333334,0.0,0.0,0.0,0.0,4.1652892561983474,-1.5041322314049588,ok,ok
63,1785284691368884820,1948.0,2276.0,328.0,0.0,,0.016493055555555556,,0.20291666666666666,0.7135416666666666,0.0,0.0,0.0,0.0,8.379405940594062,-1.8613861386138613,ok,ok
64,1785284691412067345,1945.0,2272.0,327.0,0.0,,0.019965277777777776,,0.20583333333333334,0.6614583333333334,0.0,0.00125,0.0,0.0,9.45837320574163,-2.666666666666667,ok,ok
65,1785284691445502452,1945.0,2272.0,327.0,0.0,,0.018229166666666668,,0.14375,0.6822916666666666,0.0,0.0008333333333333334,0.0,0.0,4.325335803612784,-1.4488188976377954,ok,ok
66,1785284691477938482,1948.0,2272.0,324.0,0.0,,0.015625,,0.14916666666666667,0.71875,0.0,0.0,0.0,0.0,4.744228571428572,-1.456,ok,ok
67,1785284691512606256,1945.0,2276.0,331.0,0.0,,0.020833333333333332,,0.12375,0.640625,0.0,0.0,0.0,0.0,5.794343434343434,-1.690909090909091,ok,ok
68,1785284691535861454,1945.0,2276.0,331.0,0.0,,0.017361111111111112,,0.18791666666666668,0.703125,0.0,0.00125,0.0,0.0,8.825934065934067,-2.0357142857142856,ok,ok
69,1785284691568772309,1948.0,2276.0,328.0,0.0008012820512820513,,0.017361111111111112,,0.17666666666666667,0.6979166666666666,0.0,0.0,0.0,0.0,7.172413793103451,-1.5517241379310347,ok,ok
70,1785284691602709579,1945.0,2276.0,331.0,0.0,,0.014756944444444444,,0.16291666666666665,0.6770833333333334,0.0,0.0,0.0,0.0,6.254901960784315,-1.7843137254901962,ok,ok
71,1785284691635126936,1945.0,2276.0,331.0,0.0,,0.014756944444444444,,0.16333333333333333,0.7083333333333334,0.0,0.0,0.0,0.0,4.731428571428571,-1.6363636363636365,ok,ok
72,1785284691671358159,1945.0,2276.0,331.0,0.0,,0.026909722222222224,,0.09833333333333333,0.5677083333333334,0.0,0.0,0.0,0.0,4.126377952755907,-1.4330708661417324,ok,ok
73,1785284691703491267,1948.0,2272.0,324.0,0.0,,0.016493055555555556,,0.15416666666666667,0.6770833333333334,0.0,0.0,0.0,0.0,6.987183308494784,-1.5081967213114753,ok,ok
74,1785284691749223845,1945.0,2276.0,331.0,0.0,,0.025173611111111112,,0.13083333333333333,0.59375,0.0,0.0,0.0,0.0,5.198347107438017,-1.4710743801652892,ok,ok
75,1785284691780589013,1945.0,2276.0,331.0,0.0,,0.024305555555555556,,0.115,0.578125,0.0,0.0,0.0,0.0,4.74384236453202,-1.5517241379310347,ok,ok
76,1785284691813178833,1945.0,2276.0,331.0,0.0,,0.018229166666666668,,0.15708333333333332,0.6614583333333334,0.0,0.0008333333333333334,0.0,0.0,5.884210526315789,-1.5964912280701755,ok,ok
77,1785284691837501759,1948.0,2276.0,328.0,0.0,,0.0078125,,0.27875,0.7760416666666666,0.0,0.0016666666666666668,0.0,0.0,,,ok,missing_crossing
78,1785284691879957556,1948.0,2276.0,328.0,0.0,,0.015625,,0.18375,0.6979166666666666,0.0,0.0,0.0,0.0,4.87818181818182,-1.6181818181818182,ok,ok
79,1785284691912419352,1948.0,2276.0,328.0,0.0,,0.026909722222222224,,0.10333333333333333,0.5677083333333334,0.0,0.0,0.0,0.0,4.760513186029936,-1.5245901639344264,ok,ok
80,1785284691946632266,1945.0,2276.0,331.0,0.0,,0.021701388888888888,,0.19541666666666666,0.625,0.0,0.0,0.0,0.0,,,ok,missing_crossing
81,1785284691980454413,1948.0,2272.0,324.0,0.0,,0.016493055555555556,,0.15708333333333332,0.6927083333333334,0.0,0.0,0.0,0.0,5.007874015748033,-1.4015748031496065,ok,ok
82,1785284692014995086,1945.0,2276.0,331.0,0.0,,0.010416666666666666,,0.15791666666666668,0.765625,0.0,0.0,0.0,0.0,3.622988505747127,-1.6140350877192982,ok,ok
83,1785284692045847658,1945.0,2272.0,327.0,0.0,,0.014756944444444444,,0.18916666666666668,0.6770833333333334,0.0,0.0,0.0,0.0,,,ok,missing_crossing
84,1785284692074842212,1948.0,2272.0,324.0,0.0,,0.019965277777777776,,0.17583333333333334,0.6510416666666666,0.0,0.00125,0.0,0.0,8.036595744680852,-1.9574468085106385,ok,ok
85,1785284692103447301,1948.0,2276.0,328.0,0.0,,0.018229166666666668,,0.11583333333333333,0.6458333333333334,0.0,0.0,0.0,0.0,4.133280632411068,-1.5478260869565217,ok,ok
86,1785284692148317110,1945.0,2276.0,331.0,0.0,,0.025173611111111112,,0.16041666666666668,0.6041666666666666,0.0,0.0,0.0,0.0,,,ok,missing_crossing
87,1785284692180897399,1948.0,2276.0,328.0,0.0,,0.0234375,,0.11083333333333334,0.65625,0.0,0.0,0.0,0.0,3.8620232172470974,-1.373134328358209,ok,ok
88,1785284692203864234,1945.0,2272.0,327.0,0.0,,0.026909722222222224,,0.23833333333333334,0.6458333333333334,-2.0,0.0,0.0,0.0,,,ok,missing_crossing
89,1785284692248919209,1948.0,2276.0,328.0,0.0,,0.013888888888888888,,0.1825,0.6979166666666666,0.0,0.0,0.0,0.0,7.7371014492753645,-1.5652173913043477,ok,ok
90,1785284692271069208,1948.0,2276.0,328.0,0.0,,0.010416666666666666,,0.17375,0.7708333333333334,0.0,0.0,0.0,0.0,5.674342928660828,-1.9361702127659575,ok,ok
91,1785284692314990850,1945.0,2272.0,327.0,0.0,,0.021701388888888888,,0.13625,0.6041666666666666,0.0,0.0,0.0,0.0,5.409829059829061,-1.7115384615384615,ok,ok
92,1785284692346522746,1945.0,2276.0,331.0,0.0,,0.014756944444444444,,0.17291666666666666,0.7552083333333334,0.0,0.0,0.0,0.0,8.919887955182073,-1.843137254901961,ok,ok
93,1785284692379042588,1948.0,2272.0,324.0,0.0,,0.015625,,0.1425,0.6927083333333334,0.0,0.0,0.0,0.0,6.71910569105691,-1.4796747967479678,ok,ok
94,1785284692413413126,1948.0,2272.0,324.0,0.0,,0.011284722222222222,,0.19,0.7864583333333334,0.0,0.0,0.0,0.0,8.62952380952381,-1.7333333333333334,ok,ok
95,1785284692445905440,1948.0,2272.0,324.0,0.0,,0.016493055555555556,,0.13,0.7291666666666666,0.0,0.0,0.0,0.0,4.346666666666668,-1.5333333333333332,ok,ok
96,1785284692469455551,1948.0,2272.0,324.0,0.0,,0.018229166666666668,,0.11833333333333333,0.609375,0.0,0.0,0.0,0.0,5.432636596993033,-1.702970297029703,ok,ok
97,1785284692505476560,1945.0,2276.0,331.0,0.0,,0.018229166666666668,,0.19291666666666665,0.6770833333333334,0.0,0.0008333333333333334,0.0,0.0,9.482882882882883,-2.6415094339622645,ok,ok
98,1785284692546965415,1948.0,2272.0,324.0,0.0,,0.018229166666666668,,0.11833333333333333,0.6666666666666666,0.0,0.0,0.0,0.0,5.0490395480225985,-1.5593220338983051,ok,ok
99,1785284692571197114,1948.0,2268.0,320.0,0.0,,0.020833333333333332,,0.15541666666666668,0.6197916666666666,0.0,0.0,0.0,0.0,7.3503575076608785,-2.2745098039215685,ok,ok
100,1785284692616561783,1948.0,2272.0,324.0,0.0,,0.011284722222222222,,0.18125,0.78125,0.0,0.0,0.0,0.0,7.050810810810811,-1.6396396396396398,ok,ok
101,1785284692649105678,1945.0,2272.0,327.0,0.0,,0.021701388888888888,,0.15,0.6354166666666666,0.0,0.0,0.0,0.0,8.34432748538012,-1.8947368421052633,ok,ok
102,1785284692680554618,1948.0,2272.0,324.0,0.0,,0.020833333333333332,,0.13375,0.6354166666666666,0.0,0.0,0.0,0.0,,,ok,nonmonotonic_crossing
103,1785284692705761582,1948.0,2272.0,324.0,0.0,,0.011284722222222222,,0.18291666666666667,0.78125,0.0,0.0008333333333333334,0.0,0.0,5.603272727272728,-1.8599999999999999,ok,ok
104,1785284692738402959,1948.0,2276.0,328.0,0.0,,0.013020833333333334,,0.17416666666666666,0.7604166666666666,0.0,0.0,0.0,0.0,6.519148936170213,-1.9148936170212765,ok,ok
105,1785284692782151176,1945.0,2276.0,331.0,0.0,,0.006944444444444444,,0.19041666666666668,0.8177083333333334,0.0,0.0,0.0,0.0,7.30485436893204,-1.7864077669902914,ok,ok
106,1785284692815032805,1948.0,2276.0,328.0,0.0,,0.013888888888888888,,0.21666666666666667,0.7291666666666666,0.0,0.0,0.0,0.0,,,ok,missing_crossing
107,1785284692837552744,1945.0,2272.0,327.0,0.0,,0.011284722222222222,,0.23791666666666667,0.75,0.0,0.00375,0.0,0.0,,,ok,missing_crossing
108,1785284692870128265,1945.0,2276.0,331.0,0.0,,0.006076388888888889,,0.2525,0.8177083333333334,0.0,0.004166666666666667,0.0,0.0,10.185645933014355,-2.909090909090909,ok,ok
109,1785284692915008913,1948.0,2276.0,328.0,0.0,,0.010416666666666666,,0.21875,0.7864583333333334,0.0,0.0,0.0,0.0,,,ok,missing_crossing
110,1785284692946697084,1945.0,2272.0,327.0,0.0,,0.017361111111111112,,0.17291666666666666,0.6770833333333334,0.0,0.0,0.0,0.0,,,ok,missing_crossing
111,1785284692981120354,1945.0,2279.0,334.0,0.0,,0.009548611111111112,,0.25125,0.7708333333333334,0.0,0.0,0.0,0.0,,,ok,missing_crossing
112,1785284693013966042,1945.0,2276.0,331.0,0.0,,0.008680555555555556,,0.17708333333333334,0.7864583333333334,0.0,0.0,0.0,0.0,6.628235294117647,-1.7843137254901962,ok,ok
113,1785284693047535366,1945.0,2276.0,331.0,0.0,,0.013020833333333334,,0.20291666666666666,0.71875,0.0,0.0,0.0,0.0,,,ok,missing_crossing
114,1785284693081082812,1945.0,2272.0,327.0,0.0,,0.011284722222222222,,0.16666666666666666,0.7083333333333334,0.0,0.00125,0.0,0.0,7.401769911504426,-1.5575221238938053,ok,ok
115,1785284693114457994,1945.0,2276.0,331.0,0.0,,0.012152777777777778,,0.2633333333333333,0.78125,0.0,0.0,0.0,0.0,,,ok,missing_crossing
116,1785284693148245281,1945.0,2276.0,331.0,0.0,,0.009548611111111112,,0.22166666666666668,0.828125,0.0,0.0,0.0,0.0,8.463776223776224,-2.984126984126984,ok,ok
117,1785284693180307886,1945.0,2276.0,331.0,0.0,,0.013020833333333334,,0.13958333333333334,0.734375,0.0,0.0,0.0,0.0,5.617931034482759,-1.5862068965517242,ok,ok
118,1785284693213719102,1945.0,2276.0,331.0,0.0,,0.008680555555555556,,0.22916666666666666,0.78125,0.0,0.0,0.0,0.0,,,ok,missing_crossing
119,1785284693242798640,1948.0,2276.0,328.0,0.0,,0.009548611111111112,,0.20666666666666667,0.7916666666666666,0.0,0.0,0.0,0.0,10.67851851851852,-1.7037037037037035,ok,ok
120,1785284693271867009,1945.0,2276.0,331.0,0.0,,0.006944444444444444,,0.22958333333333333,0.8385416666666666,0.0,0.0004166666666666667,0.0,0.0,9.53809523809524,-2.5500000000000003,ok,ok
121,1785284693305351584,1948.0,2276.0,328.0,0.002403846153846154,,0.011284722222222222,,0.14708333333333334,0.734375,0.0,0.0,0.0,0.0,3.8612477718360076,-1.5272727272727273,ok,ok
122,1785284693340715233,1945.0,2276.0,331.0,0.0,,0.016493055555555556,,0.11916666666666667,0.6927083333333334,0.0,0.0,0.0,0.0,3.9067990832696706,-1.5294117647058822,ok,ok
123,1785284693381269050,1948.0,2276.0,328.0,0.0,,0.019097222222222224,,0.11791666666666667,0.6354166666666666,0.0,0.0,0.0,0.0,5.608547008547009,-1.5042735042735043,ok,ok
124,1785284693414860854,1945.0,2276.0,331.0,0.0016025641025641025,,0.009548611111111112,,0.13458333333333333,0.7395833333333334,0.0,0.0,0.0,0.0,5.086248331108145,-1.6635514018691588,ok,ok
125,1785284693441574291,1945.0,2276.0,331.0,0.0,,0.0078125,,0.21833333333333332,0.8125,0.0,0.0008333333333333334,0.0,0.0,,,ok,missing_crossing
126,1785284693483118710,1945.0,2276.0,331.0,0.0,,0.0078125,,0.17333333333333334,0.828125,0.0,0.0008333333333333334,0.0,0.0,5.141735849056604,-1.811320754716981,ok,ok
127,1785284693505668906,1945.0,2279.0,334.0,0.0,,0.008680555555555556,,0.1875,0.7760416666666666,0.0,0.0,0.0,0.0,9.698613861386141,-1.7821782178217822,ok,ok
128,1785284693538324483,1945.0,2276.0,331.0,0.0,,0.011284722222222222,,0.16416666666666666,0.75,0.0,0.0,0.0,0.0,6.803703703703704,-1.6851851851851853,ok,ok
129,1785284693571421326,1948.0,2272.0,324.0,0.0,,0.009548611111111112,,0.1875,0.7552083333333334,0.0,0.007083333333333333,0.0,0.0,,,ok,missing_crossing
130,1785284693606079786,1948.0,2276.0,328.0,0.0,,0.009548611111111112,,0.15958333333333333,0.7864583333333334,0.0,0.0008333333333333334,0.0,0.0,5.675706214689269,-1.5593220338983051,ok,ok
131,1785284693648772333,1945.0,2276.0,331.0,0.0,,0.017361111111111112,,0.19083333333333333,0.7135416666666666,0.0,0.0,0.0,0.0,8.461298701298702,-2.76,ok,ok
132,1785284693673018151,1948.0,2279.0,331.0,0.0016025641025641025,,0.0078125,,0.1875,0.8333333333333334,0.0,0.0008333333333333334,0.0,0.0,5.042162162162162,-1.6216216216216215,ok,ok
133,1785284693716638030,1945.0,2283.0,338.0,0.0016025641025641025,,0.006076388888888889,,0.22583333333333333,0.84375,0.0,0.0,0.0,0.0,5.421359223300972,-1.6699029126213594,ok,ok
134,1785284693748855086,1948.0,2276.0,328.0,0.0008012820512820513,,0.014756944444444444,,0.13833333333333334,0.6822916666666666,0.0,0.0,0.0,0.0,6.40942760942761,-1.7037037037037035,ok,ok
135,1785284693774151862,1945.0,2276.0,331.0,0.0,,0.009548611111111112,,0.21583333333333332,0.8229166666666666,0.0,0.0,0.0,0.0,8.769664902998235,-2.6363636363636367,ok,ok
136,1785284693815510133,1945.0,2276.0,331.0,0.0,,0.0078125,,0.24916666666666668,0.8125,0.0,0.0004166666666666667,0.0,0.0,,,ok,missing_crossing
137,1785284693848981165,1948.0,2272.0,324.0,0.002403846153846154,,0.014756944444444444,,0.13041666666666665,0.6822916666666666,0.0,0.0,0.0,0.0,5.811949685534593,-1.6037735849056605,ok,ok
138,1785284693882695584,1948.0,2279.0,331.0,0.0,,0.009548611111111112,,0.17833333333333334,0.8020833333333334,0.0,0.0,0.0,0.0,4.898039215686275,-1.6140350877192982,ok,ok
139,1785284693916627005,1945.0,2272.0,327.0,0.0,,0.0078125,,0.22916666666666666,0.8229166666666666,0.0,0.0,0.0,0.0,,,ok,missing_crossing
140,1785284693939937278,1945.0,2276.0,331.0,0.0,,0.009548611111111112,,0.19625,0.7916666666666666,0.0,0.0,0.0,0.0,8.56842105263158,-1.5789473684210527,ok,ok
141,1785284693972840991,1945.0,2276.0,331.0,0.0,,0.008680555555555556,,0.23958333333333334,0.8072916666666666,0.0,0.0,0.0,0.0,,,ok,missing_crossing
142,1785284694015554658,1945.0,2272.0,327.0,0.0,,0.016493055555555556,,0.19333333333333333,0.6875,0.0,0.0016666666666666668,0.0,0.0,,,ok,missing_crossing
143,1785284694050118216,1945.0,2276.0,331.0,0.0016025641025641025,,0.008680555555555556,,0.20708333333333334,0.796875,0.0,0.0016666666666666668,0.0,0.0,8.945226917057905,-2.5294117647058822,ok,ok
144,1785284694083202082,1948.0,2276.0,328.0,0.0016025641025641025,,0.013888888888888888,,0.11958333333333333,0.671875,0.0,0.0,0.0,0.0,4.414631268436578,-1.4513274336283186,ok,ok
145,1785284694105262741,1948.0,2276.0,328.0,0.0,,0.015625,,0.17958333333333334,0.7395833333333334,0.0,0.0,0.0,0.0,9.402651515151517,-1.9791666666666665,ok,ok
146,1785284694141012946,1945.0,2276.0,331.0,0.0,,0.0078125,,0.17541666666666667,0.8020833333333334,0.0,0.0,0.0,0.0,5.096000000000001,-1.7399999999999998,ok,ok
147,1785284694182892642,1945.0,2276.0,331.0,0.002403846153846154,,0.011284722222222222,,0.16083333333333333,0.75,0.0,0.0,0.0,0.0,4.103846153846154,-1.6730769230769231,ok,ok
148,1785284694206682522,1945.0,2276.0,331.0,0.0,,0.013020833333333334,,0.16916666666666666,0.7291666666666666,0.0,0.0,0.0,0.0,7.344615384615386,-2.5084745762711864,ok,ok
149,1785284694250409927,1948.0,2276.0,328.0,0.0,,0.019965277777777776,,0.155,0.6302083333333334,0.0,0.0,0.0,0.0,8.821245421245422,-2.0,ok,ok
150,1785284694283370536,1945.0,2272.0,327.0,0.0,,0.013020833333333334,,0.20875,0.8072916666666666,0.0,0.0008333333333333334,0.0,0.0,6.845887445887445,-2.571428571428571,ok,ok
151,1785284694318994449,1945.0,2279.0,334.0,0.0,,0.006944444444444444,,0.19375,0.8177083333333334,0.0,0.0,0.0,0.0,4.922013341419042,-1.8144329896907216,ok,ok
152,1785284694351105835,1948.0,2276.0,328.0,0.0,,0.009548611111111112,,0.15083333333333335,0.78125,0.0,0.0,0.0,0.0,5.58871473354232,-1.5172413793103448,ok,ok
153,1785284694372879328,1948.0,2276.0,328.0,0.0,,0.009548611111111112,,0.17625,0.8072916666666666,0.0,0.00125,0.0,0.0,5.193766233766235,-1.7454545454545456,ok,ok
154,1785284694416588161,1945.0,2272.0,327.0,0.0,,0.021701388888888888,,0.15416666666666667,0.6354166666666666,0.0,0.0033333333333333335,0.0,0.0,7.193333333333335,-2.380952380952381,ok,ok
155,1785284694451171804,1948.0,2276.0,328.0,0.0016025641025641025,,0.0078125,,0.18083333333333335,0.8177083333333334,0.0,0.0,0.0,0.0,5.618181818181819,-1.6181818181818182,ok,ok
156,1785284694484776987,1948.0,2276.0,328.0,0.0,,0.013020833333333334,,0.20708333333333334,0.7552083333333334,0.0,0.00375,0.0,0.0,,,ok,missing_crossing
157,1785284694518174114,1948.0,2276.0,328.0,0.0,,0.008680555555555556,,0.16666666666666666,0.8020833333333334,0.0,0.00125,0.0,0.0,5.039080459770114,-1.5517241379310347,ok,ok
158,1785284694550240931,1948.0,2279.0,331.0,0.0016025641025641025,,0.011284722222222222,,0.17125,0.765625,0.0,0.0,0.0,0.0,3.735249042145594,-1.6111111111111112,ok,ok
159,1785284694584082610,1948.0,2276.0,328.0,0.0,,0.0078125,,0.22666666666666666,0.8229166666666666,0.0,0.0025,0.0,0.0,,,ok,missing_crossing
160,1785284694617054208,1948.0,2276.0,328.0,0.0008012820512820513,,0.013888888888888888,,0.15291666666666667,0.75,0.0,0.0,0.0,0.0,4.807725736359247,-1.6330275229357798,ok,ok
161,1785284694641922094,1948.0,2272.0,324.0,0.0,,0.011284722222222222,,0.21041666666666667,0.7708333333333334,0.0,0.002916666666666667,0.0,0.0,,,ok,missing_crossing
162,1785284694684375659,1948.0,2276.0,328.0,0.0,,0.013020833333333334,,0.15916666666666668,0.8072916666666666,0.0,0.0,0.0,0.0,4.130598290598292,-1.5555555555555558,ok,ok
163,1785284694716704978,1945.0,2276.0,331.0,0.002403846153846154,,0.013020833333333334,,0.13166666666666665,0.6458333333333334,0.0,0.005,0.0,0.0,5.435876288659794,-1.5876288659793816,ok,ok
164,1785284694752290894,1948.0,2279.0,331.0,0.0,,0.006944444444444444,,0.21125,0.8385416666666666,0.0,0.0,0.0,0.0,9.112805474095799,-1.956989247311828,ok,ok
165,1785284694773417410,1945.0,2272.0,327.0,0.0016025641025641025,,0.015625,,0.13,0.625,0.0,0.0,0.0,0.0,6.560000000000002,-1.4956521739130435,ok,ok
166,1785284694807466784,1948.0,2272.0,324.0,0.0,,0.012152777777777778,,0.14916666666666667,0.7083333333333334,0.0,0.0,0.0,0.0,6.305555555555558,-1.9166666666666665,ok,ok
167,1785284694851737955,1945.0,2276.0,331.0,0.0,,0.006944444444444444,,0.22708333333333333,0.8333333333333334,0.0,0.0016666666666666668,0.0,0.0,,,ok,missing_crossing
168,1785284694884925924,1945.0,2272.0,327.0,0.0,,0.015625,,0.24291666666666667,0.7864583333333334,0.0,0.0,0.0,0.0,,,ok,missing_crossing
169,1785284694919306971,1945.0,2279.0,334.0,0.0,,0.010416666666666666,,0.205,0.8125,0.0,0.0,0.0,0.0,6.0841666666666665,-1.8958333333333335,ok,ok
170,1785284694950797144,1948.0,2276.0,328.0,0.0,,0.0078125,,0.19875,0.8541666666666666,0.0,0.0,0.0,0.0,5.309715796430932,-2.2028985507246377,ok,ok
171,1785284694985157806,1945.0,2276.0,331.0,0.0,,0.006944444444444444,,0.22375,0.8229166666666666,0.0,0.0008333333333333334,0.0,0.0,,,ok,missing_crossing
172,1785284695021983085,1945.0,2276.0,331.0,0.0,,0.024305555555555556,,0.185,0.6145833333333334,0.0,0.0,0.0,0.0,7.391666666666667,-3.090909090909091,ok,ok
173,1785284695053365423,1945.0,2272.0,327.0,0.0,,0.011284722222222222,,0.20291666666666666,0.78125,0.0,0.005833333333333334,0.0,0.0,,,ok,missing_crossing
174,1785284695087294902,1945.0,2272.0,327.0,0.0,,0.0234375,,0.12916666666666668,0.640625,0.0,0.0008333333333333334,0.0,0.0,5.360784313725492,-1.745098039215686,ok,ok
175,1785284695120441293,1945.0,2276.0,331.0,0.0,,0.012152777777777778,,0.24708333333333332,0.765625,0.0,0.0,0.0,0.0,,,ok,missing_crossing
176,1785284695151118552,1948.0,2272.0,324.0,0.0,,0.014756944444444444,,0.19,0.7604166666666666,0.0,0.0,0.0,0.0,,,ok,missing_crossing
177,1785284695187157911,1945.0,2272.0,327.0,0.0,,0.012152777777777778,,0.21416666666666667,0.7708333333333334,0.0,0.0,0.0,0.0,,,ok,missing_crossing
178,1785284695218906925,1945.0,2276.0,331.0,0.0,,0.013888888888888888,,0.17333333333333334,0.734375,0.0,0.00125,0.0,0.0,8.6213698630137,-2.602739726027397,ok,ok
179,1785284695251879991,1948.0,2276.0,328.0,0.0,,0.017361111111111112,,0.17125,0.7447916666666666,0.0,0.0,0.0,0.0,7.598075601374572,-1.9587628865979383,ok,ok
180,1785284695284175256,1945.0,2279.0,334.0,0.0,,0.006076388888888889,,0.2629166666666667,0.875,0.0,0.0008333333333333334,0.0,0.0,8.004878048780489,-2.4680851063829787,ok,ok
181,1785284695317789089,1945.0,2276.0,331.0,0.0,,0.025173611111111112,,0.16958333333333334,0.6354166666666666,0.0,0.0,0.0,0.0,8.465934065934068,-2.0476190476190474,ok,ok
182,1785284695353461934,1948.0,2276.0,328.0,0.0,,0.017361111111111112,,0.14916666666666667,0.7239583333333334,0.0,0.0,0.0,0.0,,,ok,nonmonotonic_crossing
183,1785284695385489518,1945.0,2272.0,327.0,0.0,,0.021701388888888888,,0.18833333333333332,0.6927083333333334,0.0,0.0004166666666666667,0.0,0.0,,,ok,missing_crossing
184,1785284695420597700,1948.0,2276.0,328.0,0.0,,0.013020833333333334,,0.16791666666666666,0.78125,0.0,0.0,0.0,0.0,5.296279695203944,-1.8350515463917527,ok,ok
185,1785284695452777300,1945.0,2276.0,331.0,0.0,,0.015625,,0.21875,0.6875,0.0,0.00375,0.0,0.0,,,ok,missing_crossing
186,1785284695478525669,1945.0,2276.0,331.0,0.0,,0.018229166666666668,,0.20458333333333334,0.7135416666666666,0.0,0.0004166666666666667,0.0,0.0,,,ok,missing_crossing
187,1785284695519252764,1945.0,2276.0,331.0,0.0,,0.020833333333333332,,0.19583333333333333,0.7395833333333334,0.0,0.0,0.0,0.0,9.064705882352943,-2.870967741935484,ok,ok
188,1785284695543118412,1948.0,2272.0,324.0,0.0,,0.021701388888888888,,0.12875,0.6770833333333334,0.0,0.0,0.0,0.0,5.997196261682244,-1.738317757009346,ok,ok
189,1785284695587013809,1945.0,2276.0,331.0,0.0,,0.008680555555555556,,0.16583333333333333,0.8333333333333334,0.0,0.0,0.0,0.0,4.443223443223443,-1.641025641025641,ok,ok
190,1785284695619605645,1945.0,2276.0,331.0,0.0,,0.006944444444444444,,0.2654166666666667,0.8697916666666666,0.0,0.0,0.0,0.0,,,ok,missing_crossing
191,1785284695652365928,1948.0,2276.0,328.0,0.0,,0.014756944444444444,,0.1775,0.765625,0.0,0.0008333333333333334,0.0,0.0,6.866262626262628,-1.8585858585858586,ok,ok
192,1785284695686032113,1945.0,2276.0,331.0,0.0,,0.016493055555555556,,0.14875,0.7239583333333334,0.0,0.0,0.0,0.0,5.2411214953271035,-1.7943925233644862,ok,ok
193,1785284695718895056,1945.0,2276.0,331.0,0.0,,0.011284722222222222,,0.22833333333333333,0.8385416666666666,0.0,0.0,0.0,0.0,8.503488372093022,-2.408163265306122,ok,ok
194,1785284695752836816,1945.0,2268.0,323.0,0.0,,0.018229166666666668,,0.22791666666666666,0.7395833333333334,0.0,0.0,0.0,0.0,,,ok,missing_crossing
195,1785284695788298410,1945.0,2276.0,331.0,0.0,,0.0078125,,0.23958333333333334,0.859375,0.0,0.0,0.0,0.0,8.738223938223939,-2.6875,ok,ok
196,1785284695819329871,1945.0,2276.0,331.0,0.0,,0.019965277777777776,,0.14458333333333334,0.65625,0.0,0.0,0.0,0.0,5.561714285714286,-1.8599999999999999,ok,ok
197,1785284695841563177,1945.0,2272.0,327.0,0.0,,0.015625,,0.23458333333333334,0.78125,0.0,0.0,0.0,0.0,,,ok,missing_crossing
198,1785284695885449389,1945.0,2272.0,327.0,0.0,,0.019097222222222224,,0.15125,0.703125,0.0,0.0,0.0,0.0,5.590820829655783,-1.8640776699029125,ok,ok
199,1785284695918918097,1945.0,2272.0,327.0,0.0,,0.027777777777777776,,0.12333333333333334,0.609375,0.0,0.0,0.0,0.0,6.421039755351684,-1.7614678899082568,ok,ok
200,1785284695941245379,1945.0,2276.0,331.0,0.0,,0.013020833333333334,,0.185,0.7760416666666666,0.0,0.0,0.0,0.0,4.983673469387756,-1.8979591836734695,ok,ok
201,1785284695987410228,1945.0,2272.0,327.0,0.0,,0.013020833333333334,,0.2275,0.7708333333333334,0.0,0.0008333333333333334,0.0,0.0,,,ok,missing_crossing
202,1785284696008947091,1948.0,2276.0,328.0,0.0,,0.009548611111111112,,0.23625,0.7916666666666666,0.0,0.00125,0.0,0.0,10.99466666666667,-2.5666666666666664,ok,ok
203,1785284696051997089,1945.0,2276.0,331.0,0.0,,0.015625,,0.2,0.7447916666666666,0.0,0.0,0.0,0.0,9.241081081081083,-2.846153846153846,ok,ok
204,1785284696086085974,1948.0,2276.0,328.0,0.0,,0.014756944444444444,,0.14333333333333334,0.703125,0.0,0.0,0.0,0.0,5.556,-1.78,ok,ok
205,1785284696119313453,1942.0,2276.0,334.0,0.0,,0.021701388888888888,,0.20458333333333334,0.6875,-2.0,0.0,0.0,0.0,10.745714285714287,-3.333333333333333,ok,ok
206,1785284696142452707,1945.0,2276.0,331.0,0.0,,0.0234375,,0.1525,0.6510416666666666,0.0,0.0,0.0,0.0,7.807308970099667,-2.156862745098039,ok,ok
207,1785284696185360144,1945.0,2272.0,327.0,0.0,,0.013888888888888888,,0.17583333333333334,0.7552083333333334,0.0,0.0,0.0,0.0,8.148453608247424,-1.8350515463917527,ok,ok
208,1785284696217852049,1942.0,2276.0,334.0,0.0,,0.013888888888888888,,0.18291666666666667,0.7447916666666666,0.0,0.0,0.0,0.0,7.456,-1.88,ok,ok
209,1785284696253363156,1948.0,2272.0,324.0,0.0,,0.020833333333333332,,0.10833333333333334,0.671875,0.0,0.0,0.0,0.0,4.317829457364342,-1.4728682170542635,ok,ok
210,1785284696285985611,1948.0,2272.0,324.0,0.0,,0.019097222222222224,,0.14541666666666667,0.703125,0.0,0.0,0.0,0.0,6.6054545454545455,-1.690909090909091,ok,ok
211,1785284696317884013,1945.0,2276.0,331.0,0.0,,0.015625,,0.23125,0.7552083333333334,0.0,0.0,0.0,0.0,10.441081081081082,-3.571428571428571,ok,ok
212,1785284696342127218,1948.0,2272.0,324.0,0.0,,0.019965277777777776,,0.13833333333333334,0.6666666666666666,0.0,0.0,0.0,0.0,7.513333333333344,-1.5666666666666669,ok,ok
213,1785284696375976291,1948.0,2276.0,328.0,0.0,,0.011284722222222222,,0.25083333333333335,0.8020833333333334,0.0,0.0,0.0,0.0,,,ok,missing_crossing
214,1785284696419647892,1948.0,2272.0,324.0,0.0,,0.010416666666666666,,0.17,0.8333333333333334,0.0,0.0020833333333333333,0.0,0.0,5.605714285714288,-1.8285714285714285,ok,ok
215,1785284696451557493,1945.0,2272.0,327.0,0.0,,0.012152777777777778,,0.20291666666666666,0.8072916666666666,0.0,0.0,0.0,0.0,9.511355311355315,-2.2040816326530615,ok,ok
216,1785284696486138975,1945.0,2276.0,331.0,0.0,,0.012152777777777778,,0.2604166666666667,0.8229166666666666,0.0,0.0,0.0,0.0,8.526666666666667,-3.2222222222222223,ok,ok
217,1785284696520005308,1948.0,2272.0,324.0,0.0,,0.013020833333333334,,0.14291666666666666,0.75,0.0,0.0,0.0,0.0,4.645245901639345,-1.5737704918032787,ok,ok
218,1785284696552371582,1945.0,2276.0,331.0,0.0,,0.013020833333333334,,0.20375,0.7708333333333334,0.0,0.0,0.0,0.0,7.068606060606061,-2.883720930232558,ok,ok
219,1785284696586416790,1945.0,2272.0,327.0,0.0,,0.013888888888888888,,0.23625,0.796875,0.0,0.0,0.0,0.0,10.225089605734766,-3.1724137931034484,ok,ok
220,1785284696619634232,1945.0,2276.0,331.0,0.0,,0.016493055555555556,,0.18041666666666667,0.7708333333333334,0.0,0.0,0.0,0.0,6.541176470588237,-1.8823529411764706,ok,ok
221,1785284696643408773,1948.0,2272.0,324.0,0.0,,0.013888888888888888,,0.16541666666666666,0.7864583333333334,0.0,0.0,0.0,0.0,4.923809523809523,-1.7142857142857142,ok,ok
222,1785284696689368800,1945.0,2276.0,331.0,0.0,,0.016493055555555556,,0.26666666666666666,0.734375,0.0,0.0,0.0,0.0,,,ok,missing_crossing
223,1785284696721221952,1945.0,2276.0,331.0,0.0,,0.0234375,,0.13583333333333333,0.6614583333333334,0.0,0.0,0.0,0.0,5.347561564461613,-1.724770642201835,ok,ok
224,1785284696755060376,1945.0,2276.0,331.0,0.0,,0.011284722222222222,,0.2025,0.8020833333333334,0.0,0.005,0.0,0.0,7.28896103896104,-2.1886792452830193,ok,ok
225,1785284696794464060,1948.0,2276.0,328.0,0.0,,0.010416666666666666,,0.21708333333333332,0.7760416666666666,0.0,0.0,0.0,0.0,,,ok,missing_crossing
226,1785284696821959276,1948.0,2272.0,324.0,0.0,,0.025173611111111112,,0.13916666666666666,0.6614583333333334,0.0,0.0,0.0,0.0,5.532644628099174,-1.5867768595041323,ok,ok
227,1785284696853307630,1948.0,2276.0,328.0,0.0,,0.013888888888888888,,0.19958333333333333,0.75,0.0,0.0,0.0,0.0,5.666266506602643,-1.8775510204081634,ok,ok
228,1785284696879621418,1945.0,2276.0,331.0,0.0,,0.010416666666666666,,0.17875,0.8125,0.0,0.0,0.0,0.0,5.652709030100336,-1.6521739130434783,ok,ok
229,1785284696920556876,1948.0,2276.0,328.0,0.0,,0.014756944444444444,,0.17166666666666666,0.7395833333333334,0.0,0.0,0.0,0.0,4.48027972027972,-1.6545454545454545,ok,ok
230,1785284696952621711,1945.0,2276.0,331.0,0.0,,0.014756944444444444,,0.19458333333333333,0.765625,0.0,0.0,0.0,0.0,7.018181818181819,-2.0,ok,ok
231,1785284696985795015,1945.0,2276.0,331.0,0.0,,0.021701388888888888,,0.14416666666666667,0.6510416666666666,0.0,0.0,0.0,0.0,7.100000000000003,-1.7222222222222223,ok,ok
232,1785284697020024650,1948.0,2272.0,324.0,0.0,,0.0078125,,0.16625,0.765625,0.0,0.0020833333333333333,0.0,0.0,6.196638655462186,-1.8235294117647058,ok,ok
233,1785284697053516691,1948.0,2276.0,328.0,0.0,,0.0078125,,0.19125,0.8385416666666666,0.0,0.0,0.0,0.0,3.680140709945635,-1.5762711864406778,ok,ok
234,1785284697086146544,1945.0,2272.0,327.0,0.0,,0.0234375,,0.1775,0.6770833333333334,0.0,0.0,0.0,0.0,8.164881693648818,-2.6571428571428575,ok,ok
235,1785284697119185368,1948.0,2276.0,328.0,0.0,,0.029513888888888888,,0.17333333333333334,0.6197916666666666,0.0,0.00125,0.0,0.0,8.737733499377335,-2.7333333333333334,ok,ok
236,1785284697152841647,1945.0,2276.0,331.0,0.0,,0.011284722222222222,,0.17791666666666667,0.8072916666666666,0.0,0.0,0.0,0.0,5.184699453551914,-1.540983606557377,ok,ok
237,1785284697185767040,1945.0,2276.0,331.0,0.0,,0.027777777777777776,,0.15333333333333332,0.6145833333333334,0.0,0.0,0.0,0.0,7.611032531824613,-1.881188118811881,ok,ok
238,1785284697209688384,1948.0,2276.0,328.0,0.0,,0.026041666666666668,,0.12833333333333333,0.6302083333333334,0.0,0.0,0.0,0.0,4.992121212121213,-1.9393939393939394,ok,ok
239,1785284697245176586,1948.0,2272.0,324.0,0.0,,0.03298611111111111,,0.11583333333333333,0.5364583333333334,0.0,0.0,0.0,0.0,4.714502038439139,-1.8415841584158417,ok,ok
240,1785284697288399886,1945.0,2276.0,331.0,0.0,,0.014756944444444444,,0.20833333333333334,0.7447916666666666,0.0,0.0,0.0,0.0,7.41077399380805,-2.225806451612903,ok,ok
241,1785284697311474880,1948.0,2272.0,324.0,0.0,,0.021701388888888888,,0.11791666666666667,0.6302083333333334,0.0,0.0,0.0,0.0,3.83030303030303,-1.6727272727272728,ok,ok
242,1785284697343916873,1945.0,2272.0,327.0,0.0,,0.029513888888888888,,0.11333333333333333,0.5572916666666666,0.0,0.0,0.0,0.0,5.452820512820512,-1.7307692307692308,ok,ok
243,1785284697389910828,1948.0,2276.0,328.0,0.0,,0.016493055555555556,,0.14083333333333334,0.6979166666666666,0.0,0.0008333333333333334,0.0,0.0,4.3185046728971965,-1.7570093457943925,ok,ok
244,1785284697412427219,1945.0,2272.0,327.0,0.0,,0.025173611111111112,,0.14166666666666666,0.6354166666666666,0.0,0.0,0.0,0.0,5.49588785046729,-1.719626168224299,ok,ok
245,1785284697443898154,1948.0,2272.0,324.0,0.0,,0.022569444444444444,,0.12708333333333333,0.6302083333333334,0.0,0.0,0.0,0.0,5.18,-1.45,ok,ok
246,1785284697488398791,1945.0,2276.0,331.0,0.0,,0.018229166666666668,,0.21041666666666667,0.6770833333333334,0.0,0.0,0.0,0.0,,,ok,missing_crossing
247,1785284697521340143,1948.0,2276.0,328.0,0.0,,0.019965277777777776,,0.20458333333333334,0.65625,0.0,0.0004166666666666667,0.0,0.0,,,ok,missing_crossing
248,1785284697555058521,1945.0,2276.0,331.0,0.0,,0.025173611111111112,,0.16333333333333333,0.6510416666666666,0.0,0.0008333333333333334,0.0,0.0,8.351648351648352,-2.0377358490566033,ok,ok
249,1785284697588358624,1948.0,2272.0,324.0,0.0,,0.015625,,0.14333333333333334,0.703125,0.0,0.0,0.0,0.0,4.307438016528927,-1.4710743801652892,ok,ok
250,1785284697611223178,1948.0,2272.0,324.0,0.0,,0.013020833333333334,,0.15333333333333332,0.765625,0.0,0.0,0.0,0.0,4.141483516483518,-1.6607142857142856,ok,ok
251,1785284697655980888,1945.0,2272.0,327.0,0.0,,0.021701388888888888,,0.15,0.6197916666666666,0.0,0.0,0.0,0.0,6.284089534180279,-2.1403508771929824,ok,ok
252,1785284697688213482,1948.0,2272.0,324.0,0.0,,0.026041666666666668,,0.13333333333333333,0.6145833333333334,0.0,0.0,0.0,0.0,5.34965034965035,-1.878787878787879,ok,ok
253,1785284697720814545,1945.0,2272.0,327.0,0.0,,0.025173611111111112,,0.13666666666666666,0.609375,0.0,0.0,0.0,0.0,5.491048593350384,-1.8235294117647058,ok,ok
254,1785284697754962580,1948.0,2272.0,324.0,0.0,,0.029513888888888888,,0.12,0.5677083333333334,0.0,0.0,0.0,0.0,5.1499999999999995,-1.5714285714285714,ok,ok
255,1785284697777301860,1942.0,2276.0,334.0,0.0,,0.029513888888888888,,0.1625,0.5729166666666666,0.0,0.0,0.0,0.0,,,ok,missing_crossing
256,1785284697821436143,1948.0,2276.0,328.0,0.0,,0.022569444444444444,,0.14291666666666666,0.6302083333333334,0.0,0.0,0.0,0.0,8.44770642201835,-1.7614678899082568,ok,ok
257,1785284697854245742,1945.0,2272.0,327.0,0.0,,0.013020833333333334,,0.21583333333333332,0.78125,0.0,0.002916666666666667,0.0,0.0,9.469479606188468,-2.607142857142857,ok,ok
258,1785284697887691511,1948.0,2276.0,328.0,0.0,,0.019965277777777776,,0.13083333333333333,0.640625,0.0,0.0,0.0,0.0,4.160769230769233,-1.55,ok,ok
259,1785284697911091267,1945.0,2272.0,327.0,0.0,,0.029513888888888888,,0.1925,0.6354166666666666,0.0,0.0,0.0,0.0,9.83125,-3.1071428571428568,ok,ok
260,1785284697954509630,1945.0,2276.0,331.0,0.0,,0.020833333333333332,,0.19875,0.703125,0.0,0.0,0.0,0.0,8.900856793145655,-2.408163265306122,ok,ok
261,1785284697987061968,1948.0,2274.0,326.0,0.0,,0.026041666666666668,,0.14,0.609375,0.0,0.0,0.0,0.0,5.235423400129283,-1.5630252100840338,ok,ok
262,1785284698010340902,1945.0,2274.0,329.0,0.0,,0.015625,,0.18083333333333335,0.7291666666666666,0.0,0.0,0.0,0.0,7.599755799755801,-2.1132075471698113,ok,ok
263,1785284698055160829,1945.0,2268.0,323.0,0.0,,0.022569444444444444,,0.17416666666666666,0.65625,-2.0,0.002916666666666667,0.0,0.0,7.774545454545455,-2.9873417721518987,ok,ok
264,1785284698087001109,1948.0,2272.0,324.0,0.0,,0.0234375,,0.12208333333333334,0.5989583333333334,0.0,0.0,0.0,0.0,3.578713043478261,-1.424,ok,ok
265,1785284698120227928,1945.0,2272.0,327.0,0.0,,0.020833333333333332,,0.24875,0.6510416666666666,0.0,0.0,0.0,0.0,,,ok,missing_crossing
266,1785284698154563037,1945.0,2276.0,331.0,0.0,,0.013020833333333334,,0.24291666666666667,0.8125,0.0,0.0,0.0,0.0,,,ok,missing_crossing
267,1785284698187525111,1948.0,2272.0,324.0,0.0,,0.025173611111111112,,0.13166666666666665,0.5833333333333334,0.0,0.0,0.0,0.0,6.504228121927237,-1.6106194690265485,ok,ok
268,1785284698221363696,1945.0,2272.0,327.0,0.0,,0.024305555555555556,,0.20291666666666666,0.640625,0.0,0.0,0.0,0.0,,,ok,missing_crossing
269,1785284698254644561,1946.5,2276.0,329.5,0.0,,0.015625,,0.23375,0.8072916666666666,0.0,0.0,0.0,0.0,,,ok,missing_crossing
270,1785284698288353989,1948.0,2276.0,328.0,0.0,,0.027777777777777776,,0.18583333333333332,0.609375,0.0,0.0,0.0,0.0,10.166917293233082,-2.5283018867924527,ok,ok
271,1785284698322446682,1948.0,2272.0,324.0,0.0,,0.030381944444444444,,0.115,0.5572916666666666,0.0,0.0016666666666666668,0.0,0.0,5.72888888888889,-1.6666666666666667,ok,ok
272,1785284698346159152,1948.0,2272.0,324.0,0.0,,0.012152777777777778,,0.21791666666666668,0.7395833333333334,0.0,0.0,0.0,0.0,,,ok,missing_crossing
273,1785284698389143719,1948.0,2272.0,324.0,0.0,,0.020833333333333332,,0.20625,0.6875,0.0,0.0004166666666666667,0.0,0.0,9.485135135135138,-2.784313725490196,ok,ok
274,1785284698422249405,1945.0,2276.0,331.0,0.0,,0.018229166666666668,,0.2654166666666667,0.7291666666666666,0.0,0.00125,0.0,0.0,,,ok,missing_crossing
275,1785284698456698695,1948.0,2272.0,324.0,0.0,,0.021701388888888888,,0.14541666666666667,0.6458333333333334,0.0,0.0004166666666666667,0.0,0.0,5.0139130434782615,-2.09375,ok,ok
276,1785284698487602097,1945.0,2276.0,331.0,0.0,,0.020833333333333332,,0.18625,0.6614583333333334,0.0,0.0008333333333333334,0.0,0.0,9.08691308691309,-2.533333333333333,ok,ok
277,1785284698522154659,1948.0,2276.0,328.0,0.0,,0.021701388888888888,,0.11875,0.6822916666666666,0.0,0.0,0.0,0.0,3.652,-1.5,ok,ok
278,1785284698554912112,1948.0,2276.0,328.0,0.0,,0.0234375,,0.19208333333333333,0.6458333333333334,0.0,0.0033333333333333335,0.0,0.0,,,ok,missing_crossing
279,1785284698587839264,1945.0,2272.0,327.0,0.0,,0.029513888888888888,,0.15625,0.6197916666666666,0.0,0.0,0.0,0.0,,,ok,missing_crossing
280,1785284698620978860,1948.0,2276.0,328.0,0.0,,0.0234375,,0.18541666666666667,0.6666666666666666,0.0,0.005833333333333334,0.0,0.0,9.338181818181823,-3.0714285714285716,ok,ok
281,1785284698654420558,1948.0,2272.0,324.0,0.0,,0.008680555555555556,,0.14,0.7604166666666666,0.0,0.0008333333333333334,0.0,0.0,4.082539682539682,-1.3650793650793651,ok,ok
282,1785284698677561943,1945.0,2276.0,331.0,0.0,,0.018229166666666668,,0.1775,0.7239583333333334,0.0,0.0025,0.0,0.0,6.818755980861245,-1.8526315789473682,ok,ok
283,1785284698723589403,1945.0,2276.0,331.0,0.0,,0.022569444444444444,,0.18291666666666667,0.6458333333333334,0.0,0.0,0.0,0.0,7.984086021505376,-3.068965517241379,ok,ok
284,1785284698756133832,1945.0,2272.0,327.0,0.0,,0.03125,,0.17833333333333334,0.5833333333333334,0.0,0.0,0.0,0.0,,,ok,missing_crossing
285,1785284698790625867,1948.0,2276.0,328.0,0.0,,0.024305555555555556,,0.18833333333333332,0.640625,0.0,0.0,0.0,0.0,,,ok,missing_crossing
286,1785284698822435233,1948.0,2276.0,328.0,0.0,,0.026909722222222224,,0.16125,0.6197916666666666,0.0,0.0,0.0,0.0,,,ok,missing_crossing
287,1785284698847476320,1945.0,2276.0,331.0,0.0,,0.011284722222222222,,0.2175,0.796875,0.0,0.0004166666666666667,0.0,0.0,7.455258467023174,-2.8484848484848486,ok,ok
288,1785284698892720443,1948.0,2272.0,324.0,0.0,,0.028645833333333332,,0.115,0.5572916666666666,0.0,0.0,0.0,0.0,5.296440129449839,-1.7281553398058254,ok,ok
289,1785284698923868415,1945.0,2276.0,331.0,0.0,,0.03125,,0.11583333333333333,0.5729166666666666,0.0,0.0,0.0,0.0,5.598534798534799,-1.9560439560439562,ok,ok
290,1785284698947828480,1945.0,2276.0,331.0,0.0,,0.009548611111111112,,0.21708333333333332,0.75,0.0,0.0,0.0,0.0,11.452873563218391,-2.0952380952380953,ok,ok
291,1785284698989717029,1945.0,2272.0,327.0,0.0,,0.03125,,0.13666666666666666,0.5729166666666666,0.0,0.0,0.0,0.0,5.577142857142858,-1.7142857142857144,ok,ok
292,1785284699023303905,1948.0,2276.0,328.0,0.0,,0.03125,,0.13166666666666665,0.5572916666666666,0.0,0.0,0.0,0.0,6.392929292929294,-1.8585858585858586,ok,ok
293,1785284699045341342,1948.0,2272.0,324.0,0.0,,0.017361111111111112,,0.12541666666666668,0.6614583333333334,0.0,0.0,0.0,0.0,4.681025641025641,-1.5384615384615383,ok,ok
294,1785284699088851040,1945.0,2272.0,327.0,0.0,,0.029513888888888888,,0.23708333333333334,0.65625,-2.0,0.0016666666666666668,0.0,0.0,,,ok,missing_crossing
295,1785284699122290489,1945.0,2272.0,327.0,0.0,,0.015625,,0.25416666666666665,0.6510416666666666,0.0,0.0,0.0,0.0,,,ok,missing_crossing
296,1785284699159066088,1945.0,2276.0,331.0,0.0,,0.014756944444444444,,0.23416666666666666,0.71875,0.0,0.0,0.0,0.0,,,ok,missing_crossing
297,1785284699189732438,1948.0,2272.0,324.0,0.0,,0.03298611111111111,,0.20833333333333334,0.59375,0.0,0.0,0.0,0.0,,,ok,missing_crossing
298,1785284699223472696,1945.0,2276.0,331.0,0.0,,0.019965277777777776,,0.20916666666666667,0.640625,0.0,0.00125,0.0,0.0,,,ok,missing_crossing
299,1785284699244602415,1948.0,2276.0,328.0,0.0,,0.010416666666666666,,0.20875,0.8072916666666666,0.0,0.005833333333333334,0.0,0.0,,,ok,missing_crossing
300,1785284699279446686,1948.0,2276.0,328.0,0.0,,0.010416666666666666,,0.24666666666666667,0.7291666666666666,0.0,0.0,0.0,0.0,,,ok,missing_crossing
301,1785284699321378869,1945.0,2272.0,327.0,0.0,,0.012152777777777778,,0.17041666666666666,0.75,0.0,0.0004166666666666667,0.0,0.0,5.414814814814815,-1.740740740740741,ok,ok
302,1785284699355304242,1948.0,2276.0,328.0,0.0,,0.028645833333333332,,0.17083333333333334,0.609375,0.0,0.0,0.0,0.0,,,ok,missing_crossing
303,1785284699378088753,1948.0,2276.0,328.0,0.0,,0.013888888888888888,,0.22791666666666666,0.8020833333333334,0.0,0.00125,0.0,0.0,,,ok,missing_crossing
304,1785284699412210503,1948.0,2272.0,324.0,0.0,,0.020833333333333332,,0.22625,0.6927083333333334,0.0,0.0,0.0,0.0,,,ok,missing_crossing
305,1785284699447608738,1948.0,2276.0,328.0,0.0,,0.028645833333333332,,0.19291666666666665,0.6041666666666666,0.0,0.0,0.0,0.0,,,ok,missing_crossing
306,1785284699479927255,1948.0,2272.0,324.0,0.0,,0.026909722222222224,,0.14958333333333335,0.5989583333333334,0.0,0.0004166666666666667,0.0,0.0,8.304155614500441,-2.0714285714285716,ok,ok
307,1785284699511864611,1945.0,2272.0,327.0,0.0,,0.026041666666666668,,0.21583333333333332,0.6145833333333334,0.0,0.0,0.0,0.0,,,ok,missing_crossing
308,1785284699555900585,1945.0,2279.0,334.0,0.0,,0.013888888888888888,,0.21,0.796875,0.0,0.0016666666666666668,0.0,0.0,6.928644688644689,-2.1090909090909093,ok,ok
309,1785284699590604880,1948.0,2276.0,328.0,0.0,,0.013020833333333334,,0.16416666666666666,0.7395833333333334,0.0,0.0,0.0,0.0,4.303427265803503,-1.8019801980198018,ok,ok
310,1785284699625827286,1945.0,2272.0,327.0,0.0,,0.026041666666666668,,0.12583333333333332,0.5885416666666666,0.0,0.0,0.0,0.0,5.297619047619048,-1.607142857142857,ok,ok
311,1785284699658808308,1945.0,2272.0,327.0,0.0,,0.026041666666666668,,0.16541666666666666,0.6302083333333334,-2.0,0.0,0.0,0.0,7.294172494172495,-2.7368421052631575,ok,ok
312,1785284699688948762,1945.0,2276.0,331.0,0.0,,0.024305555555555556,,0.20208333333333334,0.6302083333333334,-2.0,0.0008333333333333334,0.0,0.0,10.173968253968257,-3.215686274509804,ok,ok
313,1785284699722359351,1945.0,2274.0,329.0,0.0,,0.025173611111111112,,0.12208333333333334,0.609375,0.0,0.0,0.0,0.0,4.4982456140350875,-1.649122807017544,ok,ok
314,1785284699755149978,1945.0,2276.0,331.0,0.0,,0.022569444444444444,,0.14958333333333335,0.6145833333333334,0.0,0.0,0.0,0.0,5.332473118279571,-1.89247311827957,ok,ok
315,1785284699788989701,1945.0,2276.0,331.0,0.0,,0.0078125,,0.20291666666666666,0.8385416666666666,0.0,0.0,0.0,0.0,5.747619047619047,-2.333333333333333,ok,ok
316,1785284699822071190,1945.0,2272.0,327.0,0.0,,0.006076388888888889,,0.16875,0.8072916666666666,0.0,0.0008333333333333334,0.0,0.0,4.455652173913046,-1.6,ok,ok
317,1785284699856425189,1948.0,2276.0,328.0,0.0,,0.018229166666666668,,0.18166666666666667,0.6770833333333334,0.0,0.0,0.0,0.0,9.151587301587302,-2.707692307692308,ok,ok
318,1785284699889827592,1945.0,2272.0,327.0,0.0,,0.022569444444444444,,0.19041666666666668,0.6145833333333334,0.0,0.0,0.0,0.0,,,ok,missing_crossing
319,1785284699922225719,1945.0,2276.0,331.0,0.0,,0.010416666666666666,,0.18416666666666667,0.75,0.0,0.0,0.0,0.0,6.957186173438449,-1.8969072164948455,ok,ok
320,1785284699957129464,1948.0,2276.0,328.0,0.0,,0.013020833333333334,,0.16416666666666666,0.7135416666666666,0.0,0.0,0.0,0.0,4.616405879563775,-1.6936936936936937,ok,ok
321,1785284699990520508,1948.0,2276.0,328.0,0.0,,0.018229166666666668,,0.18208333333333335,0.765625,0.0,0.0,0.0,0.0,7.15,-1.7222222222222223,ok,ok
322,1785284700014752108,1948.0,2276.0,328.0,0.0,,0.016493055555555556,,0.22291666666666668,0.703125,0.0,0.0,0.0,0.0,,,ok,missing_crossing
323,1785284700046233617,1942.0,2272.0,330.0,0.0,,0.0078125,,0.22375,0.7916666666666666,0.0,0.0,0.0,0.0,,,ok,missing_crossing
324,1785284700089802817,1948.0,2276.0,328.0,0.0,,0.013888888888888888,,0.17416666666666666,0.7239583333333334,0.0,0.0,0.0,0.0,7.321769911504426,-1.5575221238938053,ok,ok
325,1785284700122377981,1945.0,2272.0,327.0,0.0,,0.024305555555555556,,0.19708333333333333,0.6145833333333334,0.0,0.0,0.0,0.0,,,ok,missing_crossing
326,1785284700157355522,1945.0,2279.0,334.0,0.0,,0.025173611111111112,,0.15708333333333332,0.6197916666666666,0.0,0.0,0.0,0.0,6.617620137299772,-1.9782608695652173,ok,ok
327,1785284700190766286,1945.0,2276.0,331.0,0.0,,0.019097222222222224,,0.20791666666666667,0.6770833333333334,0.0,0.0,0.0,0.0,9.380659340659342,-3.512195121951219,ok,ok
328,1785284700213165312,1945.0,2276.0,331.0,0.0,,0.003472222222222222,,0.19,0.8072916666666666,0.0,0.0,0.0,0.0,,,ok,missing_crossing
329,1785284700255766058,1945.0,2272.0,327.0,0.0,,0.014756944444444444,,0.22708333333333333,0.71875,0.0,0.0,0.0,0.0,,,ok,missing_crossing
330,1785284700289750001,1945.0,2276.0,331.0,0.0,,0.013888888888888888,,0.18708333333333332,0.75,0.0,0.0,0.0,0.0,7.251612903225806,-2.0,ok,ok
331,1785284700324035233,1945.0,2276.0,331.0,0.0,,0.026909722222222224,,0.20666666666666667,0.6614583333333334,-2.0,0.0,0.0,0.0,,,ok,missing_crossing
332,1785284700357679107,1945.0,2276.0,331.0,0.0,,0.004340277777777778,,0.1825,0.7760416666666666,0.0,0.0004166666666666667,0.0,0.0,6.261669024045261,-1.8019801980198018,ok,ok
333,1785284700390459492,1945.0,2276.0,331.0,0.0,,0.021701388888888888,,0.15291666666666667,0.6354166666666666,0.0,0.0,0.0,0.0,9.589333333333338,-1.88,ok,ok
334,1785284700413055275,1945.0,2276.0,331.0,0.0,,0.013020833333333334,,0.2925,0.75,0.0,0.0,0.0,0.0,,,ok,missing_crossing
335,1785284700456480191,1945.0,2276.0,331.0,0.0,,0.008680555555555556,,0.18125,0.765625,0.0,0.0,0.0,0.0,7.2529292929292914,-1.6545454545454545,ok,ok
336,1785284700490580268,1945.0,2276.0,331.0,0.0,,0.013888888888888888,,0.13583333333333333,0.6666666666666666,0.0,0.0,0.0,0.0,5.050943396226415,-1.6981132075471697,ok,ok
337,1785284700517270235,1948.0,2276.0,328.0,0.0,,0.008680555555555556,,0.21041666666666667,0.7760416666666666,0.0,0.00125,0.0,0.0,7.474903474903475,-2.72,ok,ok
338,1785284700552382343,1945.0,2276.0,331.0,0.0,,0.010416666666666666,,0.2520833333333333,0.7447916666666666,0.0,0.0,0.0,0.0,,,ok,missing_crossing
339,1785284700592067929,1945.0,2272.0,327.0,0.0,,0.0234375,,0.13666666666666666,0.6197916666666666,0.0,0.0,0.0,0.0,5.101558441558442,-1.709090909090909,ok,ok
340,1785284700624478383,1946.5,2276.0,329.5,0.0,,0.017361111111111112,,0.17916666666666667,0.625,0.0,0.0,0.0,0.0,9.26126552335896,-2.057142857142857,ok,ok
341,1785284700658049709,1948.0,2276.0,328.0,0.0,,0.015625,,0.20958333333333334,0.6666666666666666,0.0,0.00125,0.0,0.0,,,ok,missing_crossing
342,1785284700691547466,1945.0,2272.0,327.0,0.0,,0.013888888888888888,,0.14708333333333334,0.6822916666666666,0.0,0.00125,0.0,0.0,4.246361185983829,-1.7169811320754718,ok,ok
343,1785284700723367081,1948.0,2276.0,328.0,0.0,,0.021701388888888888,,0.14625,0.5885416666666666,0.0,0.0,0.0,0.0,7.473251942286349,-1.7169811320754718,ok,ok
344,1785284700760017496,1948.0,2276.0,328.0,0.0,,0.012152777777777778,,0.1975,0.71875,0.0,0.00125,0.0,0.0,7.4040160642570285,-2.4642857142857144,ok,ok
345,1785284700782894022,1945.0,2276.0,331.0,0.0,,0.005208333333333333,,0.22833333333333333,0.8229166666666666,0.0,0.0,0.0,0.0,,,ok,missing_crossing
346,1785284700823773920,1948.0,2276.0,328.0,0.0,,0.018229166666666668,,0.18,0.6510416666666666,0.0,0.0,0.0,0.0,8.76487804878049,-2.4230769230769234,ok,ok
347,1785284700856386730,1945.0,2276.0,331.0,0.0,,0.026041666666666668,,0.11875,0.5625,0.0,0.0,0.0,0.0,4.64637168141593,-1.592920353982301,ok,ok
348,1785284700880550451,1945.0,2272.0,327.0,0.0,,0.028645833333333332,,0.165,0.5260416666666666,0.0,0.0,0.0,0.0,,,ok,missing_crossing
349,1785284700926708106,1945.0,2272.0,327.0,0.0,,0.015625,,0.16125,0.6927083333333334,0.0,0.004583333333333333,0.0,0.0,7.590303030303038,-1.6727272727272728,ok,ok
350,1785284700957257074,1945.0,2272.0,327.0,0.0,,0.026909722222222224,,0.17791666666666667,0.6041666666666666,-2.0,0.0,0.0,0.0,8.261333333333335,-2.7924528301886795,ok,ok
351,1785284700990125444,1948.0,2276.0,328.0,0.0,,0.013020833333333334,,0.18833333333333332,0.71875,0.0,0.00125,0.0,0.0,8.250000000000002,-1.7058823529411764,ok,ok
352,1785284701025115952,1945.0,2274.0,329.0,0.0,,0.014756944444444444,,0.20541666666666666,0.7083333333333334,0.0,0.0,0.0,0.0,,,ok,missing_crossing
353,1785284701059069036,1945.0,2276.0,331.0,0.0,,0.019965277777777776,,0.1575,0.625,0.0,0.0,0.0,0.0,,,ok,missing_crossing
354,1785284701091028371,1945.0,2276.0,331.0,0.0,,0.025173611111111112,,0.20583333333333334,0.5885416666666666,-2.0,0.00125,0.0,0.0,,,ok,missing_crossing
355,1785284701115235122,1945.0,2276.0,331.0,0.0,,0.012152777777777778,,0.18083333333333335,0.6875,0.0,0.0,0.0,0.0,9.593956043956046,-2.105263157894737,ok,ok
356,1785284701157434469,1945.0,2276.0,331.0,0.0,,0.0078125,,0.25958333333333333,0.734375,0.0,0.0,0.0,0.0,,,ok,missing_crossing
357,1785284701190906426,1948.0,2276.0,328.0,0.0,,0.012152777777777778,,0.17875,0.7239583333333334,0.0,0.0,0.0,0.0,,,ok,missing_crossing
358,1785284701225649230,1945.0,2272.0,327.0,0.0,,0.019965277777777776,,0.13208333333333333,0.6302083333333334,0.0,0.0,0.0,0.0,5.2990099009901,-1.8217821782178218,ok,ok
359,1785284701257650679,1945.0,2276.0,331.0,0.0,,0.019097222222222224,,0.21,0.625,0.0,0.0,0.0,0.0,,,ok,missing_crossing
360,1785284701290707616,1948.0,2272.0,324.0,0.0,,0.0234375,,0.11833333333333333,0.609375,0.0,0.0,0.0,0.0,4.70644753476612,-1.6814159292035398,ok,ok
361,1785284701324307328,1948.0,2276.0,328.0,0.0,,0.011284722222222222,,0.15958333333333333,0.7239583333333334,0.0,0.0,0.0,0.0,5.154495412844038,-1.614678899082569,ok,ok
362,1785284701346582350,1945.0,2276.0,331.0,0.0,,0.029513888888888888,,0.14833333333333334,0.5520833333333334,0.0,0.0,0.0,0.0,7.48,-2.0,ok,ok
363,1785284701391017371,1945.0,2272.0,327.0,0.0,,0.0234375,,0.20041666666666666,0.6197916666666666,0.0,0.0,0.0,0.0,,,ok,missing_crossing
364,1785284701424745078,1948.0,2276.0,328.0,0.0,,0.006076388888888889,,0.16375,0.7395833333333334,0.0,0.0004166666666666667,0.0,0.0,5.206728971962618,-1.588785046728972,ok,ok
365,1785284701456937443,1948.0,2276.0,328.0,0.0,,0.020833333333333332,,0.14,0.59375,0.0,0.0004166666666666667,0.0,0.0,6.515654205607478,-1.644859813084112,ok,ok
366,1785284701492409861,1945.0,2276.0,331.0,0.0,,0.008680555555555556,,0.22166666666666668,0.828125,0.0,0.00125,0.0,0.0,,,ok,missing_crossing
367,1785284701525007910,1948.0,2272.0,324.0,0.0,,0.019097222222222224,,0.17583333333333334,0.609375,0.0,0.0004166666666666667,0.0,0.0,,,ok,missing_crossing
368,1785284701559840642,1948.0,2272.0,324.0,0.0,,0.025173611111111112,,0.12291666666666666,0.59375,0.0,0.0,0.0,0.0,5.131692307692308,-1.7692307692307692,ok,ok
369,1785284701591091591,1945.0,2276.0,331.0,0.0,,0.009548611111111112,,0.18333333333333332,0.78125,0.0,0.0025,0.0,0.0,6.372826086956523,-2.0416666666666665,ok,ok
370,1785284701624982325,1945.0,2276.0,331.0,0.0,,0.020833333333333332,,0.21291666666666667,0.6354166666666666,0.0,0.0,0.0,0.0,,,ok,missing_crossing
371,1785284701649999903,1945.0,2276.0,331.0,0.0,,0.018229166666666668,,0.16625,0.6458333333333334,0.0,0.0,0.0,0.0,10.110204081632654,-1.857142857142857,ok,ok
372,1785284701692267770,1945.0,2272.0,327.0,0.0,,0.012152777777777778,,0.21833333333333332,0.71875,0.0,0.0,0.0,0.0,,,ok,missing_crossing
373,1785284701715752992,1945.0,2276.0,331.0,0.0,,0.008680555555555556,,0.25083333333333335,0.8177083333333334,0.0,0.0,0.0,0.0,11.12982456140351,-3.121212121212121,ok,ok
374,1785284701759457808,1945.0,2279.0,334.0,0.0,,0.006076388888888889,,0.27791666666666665,0.8385416666666666,0.0,0.0,0.0,0.0,,,ok,missing_crossing
375,1785284701791783989,1945.0,2276.0,331.0,0.0,,0.006076388888888889,,0.18708333333333332,0.8020833333333334,0.0,0.0,0.0,0.0,5.526909090909092,-1.9000000000000001,ok,ok
376,1785284701824641044,1945.0,2276.0,331.0,0.0,,0.0078125,,0.17541666666666667,0.7916666666666666,0.0,0.0,0.0,0.0,6.754679802955667,-1.6551724137931036,ok,ok
377,1785284701856844088,1945.0,2272.0,327.0,0.0,,0.03211805555555555,,0.18791666666666668,0.6197916666666666,-2.0,0.0,0.0,0.0,10.67397260273973,-3.1794871794871793,ok,ok
378,1785284701892480745,1948.0,2276.0,328.0,0.0,,0.008680555555555556,,0.16791666666666666,0.78125,0.0,0.0,0.0,0.0,4.888964018353056,-1.8415841584158417,ok,ok
379,1785284701926098859,1948.0,2276.0,328.0,0.0,,0.014756944444444444,,0.17708333333333334,0.734375,0.0,0.0,0.0,0.0,7.567676767676771,-1.9393939393939394,ok,ok
380,1785284701960063594,1945.0,2276.0,331.0,0.0,,0.015625,,0.16833333333333333,0.71875,0.0,0.0,0.0,0.0,4.894117647058824,-1.8823529411764706,ok,ok
381,1785284701994379716,1948.0,2276.0,328.0,0.0,,0.026909722222222224,,0.13,0.546875,0.0,0.0004166666666666667,0.0,0.0,5.588676761026991,-1.836734693877551,ok,ok
382,1785284702026592311,1948.0,2276.0,328.0,0.0,,0.006076388888888889,,0.20416666666666666,0.75,0.0,0.0004166666666666667,0.0,0.0,,,ok,missing_crossing
383,1785284702059860756,1945.0,2276.0,331.0,0.0,,0.027777777777777776,,0.16208333333333333,0.578125,0.0,0.0,0.0,0.0,,,ok,missing_crossing
384,1785284702092354457,1948.0,2276.0,328.0,0.0,,0.009548611111111112,,0.18375,0.75,0.0,0.0,0.0,0.0,7.9942857142857155,-1.8285714285714285,ok,ok
385,1785284702124434810,1948.0,2276.0,328.0,0.0,,0.013020833333333334,,0.15958333333333333,0.6979166666666666,0.0,0.0004166666666666667,0.0,0.0,4.954728284124947,-1.4308943089430897,ok,ok
386,1785284702157821463,1945.0,2276.0,331.0,0.0,,0.0234375,,0.18,0.6041666666666666,0.0,0.0,0.0,0.0,,,ok,missing_crossing
387,1785284702192839216,1945.0,2276.0,331.0,0.0,,0.015625,,0.17833333333333334,0.6666666666666666,0.0,0.0,0.0,0.0,,,ok,missing_crossing
388,1785284702226609304,1948.0,2276.0,328.0,0.0,,0.011284722222222222,,0.14333333333333334,0.7239583333333334,0.0,0.0,0.0,0.0,4.253181818181818,-1.6181818181818182,ok,ok
389,1785284702259028333,1948.0,2272.0,324.0,0.0,,0.022569444444444444,,0.15375,0.6041666666666666,0.0,0.0,0.0,0.0,7.451205936920223,-1.8979591836734695,ok,ok
390,1785284702292455908,1945.0,2276.0,331.0,0.0,,0.009548611111111112,,0.24166666666666667,0.7604166666666666,0.0,0.00125,0.0,0.0,,,ok,missing_crossing
391,1785284702324964675,1945.0,2276.0,331.0,0.0,,0.010416666666666666,,0.21958333333333332,0.8177083333333334,0.0,0.0,0.0,0.0,10.167224080267559,-2.1777777777777776,ok,ok
392,1785284702359699140,1945.0,2276.0,331.0,0.0,,0.015625,,0.16833333333333333,0.703125,0.0,0.0,0.0,0.0,6.057142857142858,-1.7142857142857142,ok,ok
393,1785284702391995353,1945.0,2268.0,323.0,0.0,,0.019097222222222224,,0.18916666666666668,0.6666666666666666,0.0,0.005833333333333334,0.0,0.0,9.205098039215686,-2.392156862745098,ok,ok
394,1785284702425009150,1945.0,2276.0,331.0,0.0,,0.013020833333333334,,0.2325,0.7291666666666666,0.0,0.0016666666666666668,0.0,0.0,,,ok,missing_crossing
395,1785284702458360400,1945.0,2272.0,327.0,0.0,,0.024305555555555556,,0.15666666666666668,0.5833333333333334,0.0,0.0,0.0,0.0,,,ok,missing_crossing
396,1785284702491428572,1945.0,2276.0,331.0,0.0,,0.019097222222222224,,0.205,0.6666666666666666,0.0,0.0,0.0,0.0,,,ok,missing_crossing
397,1785284702524736476,1945.0,2279.0,334.0,0.0,,0.017361111111111112,,0.19416666666666665,0.6458333333333334,0.0,0.0,0.0,0.0,8.923478260869565,-3.08,ok,ok
398,1785284702559189455,1948.0,2272.0,324.0,0.0,,0.025173611111111112,,0.14666666666666667,0.5885416666666666,0.0,0.0,0.0,0.0,5.486222222222222,-2.0714285714285716,ok,ok
399,1785284702592647714,1948.0,2276.0,328.0,0.0,,0.025173611111111112,,0.13333333333333333,0.5625,0.0,0.0,0.0,0.0,6.914463729417002,-1.644859813084112,ok,ok
400,1785284702615678980,1945.0,2276.0,331.0,0.0,,0.012152777777777778,,0.24791666666666667,0.734375,0.0,0.0004166666666666667,0.0,0.0,,,ok,missing_crossing
401,1785284702648583655,1948.0,2276.0,328.0,0.0,,0.014756944444444444,,0.21083333333333334,0.703125,0.0,0.0,0.0,0.0,11.264556962025317,-2.697674418604651,ok,ok
402,1785284702694834228,1945.0,2272.0,327.0,0.0,,0.025173611111111112,,0.21916666666666668,0.65625,-2.0,0.0,0.0,0.0,,,ok,missing_crossing
403,1785284702726044440,1945.0,2272.0,327.0,0.0,,0.026041666666666668,,0.14166666666666666,0.5885416666666666,0.0,0.0,0.0,0.0,6.112027491408936,-1.9381443298969072,ok,ok
404,1785284702752201278,1945.0,2276.0,331.0,0.0,,0.010416666666666666,,0.215,0.734375,0.0,0.00125,0.0,0.0,7.728351648351649,-3.0612244897959187,ok,ok
405,1785284702797085026,1945.0,2272.0,327.0,0.0,,0.026909722222222224,,0.18041666666666667,0.5885416666666666,0.0,0.0,0.0,0.0,,,ok,missing_crossing
406,1785284702828934183,1945.0,2272.0,327.0,0.0,,0.021701388888888888,,0.13583333333333333,0.6197916666666666,0.0,0.0,0.0,0.0,5.500000000000001,-2.103448275862069,ok,ok
407,1785284702849364832,1945.0,2276.0,331.0,0.0,,0.011284722222222222,,0.1975,0.7291666666666666,0.0,0.0,0.0,0.0,,,ok,nonmonotonic_crossing
408,1785284702892461735,1948.0,2276.0,328.0,0.0,,0.005208333333333333,,0.14875,0.7864583333333334,0.0,0.0,0.0,0.0,5.041228070175439,-1.4561403508771928,ok,ok
409,1785284702925609657,1948.0,2276.0,328.0,0.0,,0.0078125,,0.18083333333333335,0.8072916666666666,0.0,0.0,0.0,0.0,5.558054054054055,-1.7297297297297298,ok,ok
410,1785284702959153507,1948.0,2272.0,324.0,0.0,,0.028645833333333332,,0.11375,0.5416666666666666,0.0,0.0,0.0,0.0,5.44611620795107,-1.6697247706422018,ok,ok
411,1785284702992315634,1945.0,2276.0,331.0,0.0,,0.017361111111111112,,0.14333333333333334,0.6302083333333334,0.0,0.0,0.0,0.0,5.43566362715299,-1.893617021276596,ok,ok
412,1785284703025672989,1948.0,2276.0,328.0,0.0,,0.008680555555555556,,0.21875,0.78125,0.0,0.0,0.0,0.0,,,ok,missing_crossing
413,1785284703050532978,1945.0,2276.0,331.0,0.0,,0.026041666666666668,,0.15125,0.6197916666666666,0.0,0.0,0.0,0.0,6.187093821510297,-2.045454545454545,ok,ok
414,1785284703093714217,1945.0,2276.0,331.0,0.0,,0.021701388888888888,,0.13083333333333333,0.6354166666666666,0.0,0.0,0.0,0.0,4.830973451327435,-1.6283185840707963,ok,ok
415,1785284703128091809,1945.0,2272.0,327.0,0.0,,0.013888888888888888,,0.18083333333333335,0.6979166666666666,0.0,0.005416666666666667,0.0,0.0,6.449929078014186,-1.9574468085106385,ok,ok
416,1785284703149746156,1945.0,2272.0,327.0,0.0,,0.029513888888888888,,0.1425,0.5260416666666666,0.0,0.0,0.0,0.0,,,ok,missing_crossing
417,1785284703182798195,1945.0,2272.0,327.0,0.0,,0.026909722222222224,,0.14,0.5520833333333334,0.0,0.002916666666666667,0.0,0.0,5.485648148148148,-2.2181818181818183,ok,ok
418,1785284703218085518,1945.0,2276.0,331.0,0.0,,0.009548611111111112,,0.21791666666666668,0.8020833333333334,0.0,0.0,0.0,0.0,,,ok,missing_crossing
419,1785284703260905281,1945.0,2272.0,327.0,0.0,,0.027777777777777776,,0.17416666666666666,0.578125,0.0,0.0,0.0,0.0,8.969844489519947,-2.4102564102564106,ok,ok
420,1785284703283182203,1948.0,2276.0,328.0,0.0,,0.010416666666666666,,0.195,0.7760416666666666,0.0,0.0,0.0,0.0,9.156000000000002,-1.9000000000000001,ok,ok
421,1785284703317266540,1945.0,2276.0,331.0,0.0,,0.019097222222222224,,0.20666666666666667,0.6354166666666666,0.0,0.0,0.0,0.0,,,ok,missing_crossing
422,1785284703350248014,1945.0,2276.0,331.0,0.0,,0.015625,,0.24583333333333332,0.671875,0.0,0.0,0.0,0.0,,,ok,missing_crossing
423,1785284703382485029,1948.0,2272.0,324.0,0.0,,0.014756944444444444,,0.19041666666666668,0.6614583333333334,0.0,0.0,0.0,0.0,,,ok,missing_crossing
424,1785284703416702940,1948.0,2276.0,328.0,0.0,,0.0078125,,0.18166666666666667,0.7760416666666666,0.0,0.0,0.0,0.0,6.916666666666666,-1.8269230769230769,ok,ok
425,1785284703452303265,1948.0,2272.0,324.0,0.0,,0.020833333333333332,,0.13708333333333333,0.609375,0.0,0.0,0.0,0.0,5.369339622641509,-1.7547169811320753,ok,ok
426,1785284703495180749,1948.0,2276.0,328.0,0.0,,0.016493055555555556,,0.20666666666666667,0.6770833333333334,0.0,0.0025,0.0,0.0,,,ok,missing_crossing
427,1785284703529096318,1945.0,2276.0,331.0,0.0,,0.0078125,,0.23666666666666666,0.7395833333333334,0.0,0.0,0.0,0.0,,,ok,missing_crossing
428,1785284703562230932,1945.0,2276.0,331.0,0.0,,0.009548611111111112,,0.255,0.7447916666666666,0.0,0.0,0.0,0.0,,,ok,missing_crossing
429,1785284703594547156,1948.0,2276.0,328.0,0.0,,0.006076388888888889,,0.19666666666666666,0.765625,0.0,0.0,0.0,0.0,7.492075471698114,-1.7169811320754718,ok,ok
430,1785284703627851099,1945.0,2272.0,327.0,0.0,,0.028645833333333332,,0.115,0.5572916666666666,0.0,0.0,0.0,0.0,6.215977443609022,-1.6607142857142856,ok,ok
431,1785284703660382150,1948.0,2276.0,328.0,0.0,,0.019965277777777776,,0.14166666666666666,0.6510416666666666,0.0,0.00125,0.0,0.0,5.461904761904762,-2.21875,ok,ok
432,1785284703694104139,1945.0,2276.0,331.0,0.0,,0.008680555555555556,,0.15791666666666668,0.7239583333333334,0.0,0.0025,0.0,0.0,6.484070796460179,-1.575221238938053,ok,ok
433,1785284703727958871,1945.0,2276.0,331.0,0.0,,0.013888888888888888,,0.18208333333333335,0.7552083333333334,0.0,0.00125,0.0,0.0,8.636154649947754,-2.258064516129032,ok,ok
434,1785284703760817950,1945.0,2279.0,334.0,0.0,,0.009548611111111112,,0.18333333333333332,0.78125,0.0,0.0,0.0,0.0,5.476277850589778,-1.7614678899082568,ok,ok
435,1785284703784303730,1948.0,2276.0,328.0,0.0,,0.013888888888888888,,0.11916666666666667,0.671875,0.0,0.0,0.0,0.0,3.5493040293040297,-1.3846153846153846,ok,ok
436,1785284703830246169,1948.0,2272.0,324.0,0.0,,0.014756944444444444,,0.16958333333333334,0.7083333333333334,0.0,0.0,0.0,0.0,7.400444444444446,-1.78,ok,ok
437,1785284703860103595,1945.0,2276.0,331.0,0.0,,0.016493055555555556,,0.15333333333333332,0.6458333333333334,0.0,0.0,0.0,0.0,7.3278350515463915,-1.8556701030927834,ok,ok
438,1785284703896352101,1945.0,2272.0,327.0,0.0,,0.016493055555555556,,0.26875,0.71875,0.0,0.0008333333333333334,0.0,0.0,,,ok,missing_crossing
439,1785284703919154979,1945.0,2276.0,331.0,0.0,,0.019965277777777776,,0.20375,0.6822916666666666,0.0,0.00125,0.0,0.0,9.263157894736842,-2.6779661016949152,ok,ok
440,1785284703961109438,1945.0,2272.0,327.0,0.0,,0.026909722222222224,,0.15708333333333332,0.578125,0.0,0.0,0.0,0.0,9.489411764705894,-2.2040816326530615,ok,ok
441,1785284703985970660,1945.0,2276.0,331.0,0.0,,0.018229166666666668,,0.19333333333333333,0.6666666666666666,0.0,0.0004166666666666667,0.0,0.0,11.229268292682928,-2.3508771929824563,ok,ok
